"episodeId","episodeTitle","episodeCategories","episodeUrl","episodeImageUrls"
89488,"The Squeak Life","Slice of Life,Comedy,Romance","http://tapastic.com/episode/89488","http://d2me59s95dy7e.cloudfront.net/cartoons/79/09/da/20/99408c33f6df4fe0a63090d05829839b.jpg"
89460,"Care Guide","Slice of Life,Comedy","http://tapastic.com/episode/89460","http://d2me59s95dy7e.cloudfront.net/cartoons/5e/b6/67/5b/7846f92f873a44a89dfa3e844ac43210.jpg"
89440,"Moves","Slice of Life,Comedy","http://tapastic.com/episode/89440","http://d2me59s95dy7e.cloudfront.net/cartoons/d7/99/99/0a/e7a9420cf85046fd8e51b71f32c1445d.jpg"
89434,"Marble","Comedy,Fantasy","http://tapastic.com/episode/89434","http://d2me59s95dy7e.cloudfront.net/cartoons/12/ba/e6/30/3bea49ca22f34d1b90bbc01391a73ea1.jpg;http://d2me59s95dy7e.cloudfront.net/cartoons/24/80/0f/0c/3d6d184dcd3c42a79a50d1e2bda8241b.jpg;http://d2me59s95dy7e.cloudfront.net/cartoons/3c/c9/f6/aa/2f189e5156fb4780bea43e406b4237b1.jpg;http://d2me59s95dy7e.cloudfront.net/cartoons/d3/f6/a2/28/0cd41bb3f37744d4b7c5c59333b5f177.jpg;http://d2me59s95dy7e.cloudfront.net/cartoons/9e/43/79/20/0e6dfedd97c6451290ebaadf7fe4a963.jpg"
89361,"the animes","Slice of Life,Comedy,Drama","http://tapastic.com/episode/89361","http://d2me59s95dy7e.cloudfront.net/cartoons/78/c8/3a/72/e59793d5ab3243e6ad09984b3455251c.jpg"
89315,"Viral","Slice of Life,Comedy","http://tapastic.com/episode/89315","http://d2me59s95dy7e.cloudfront.net/cartoons/06/9d/16/91/1ee40a0e0a164294b67370ddfa7f62ed.jpg"
89314,"Meetings","Slice of Life,Comedy","http://tapastic.com/episode/89314","http://d2me59s95dy7e.cloudfront.net/cartoons/5d/20/c8/5c/0a8494f3195b4678a2cfa2c0960b73d7.jpg"
89270,"Bark","Comedy,Romance,Drama","http://tapastic.com/episode/89270","http://d2me59s95dy7e.cloudfront.net/cartoons/cd/62/c5/30/530228584f9b417ab19522952c7d9ec4.jpg;http://d2me59s95dy7e.cloudfront.net/cartoons/1d/e7/55/7e/0411bb574d074547a235e13ec6304ad2.jpg;http://d2me59s95dy7e.cloudfront.net/cartoons/ef/c3/e2/9c/4c36395ed5f54262834c30cc679a4c6d.jpg;http://d2me59s95dy7e.cloudfront.net/cartoons/c7/7b/67/1e/71e06c1e43ad43fcb8ca3d375ea07cc2.jpg;http://d2me59s95dy7e.cloudfront.net/cartoons/a8/27/02/10/d6384e397c244cd9b63955d00a6de091.jpg"
89176,"Rose","Comedy","http://tapastic.com/episode/89176","http://d2me59s95dy7e.cloudfront.net/cartoons/54/d1/fe/12/dd766326fc5a4cb9a0e28a07a765a7c1.jpg"
89172,"Charlie Hebdo","Slice of Life,Comedy","http://tapastic.com/episode/89172","http://d2me59s95dy7e.cloudfront.net/cartoons/1e/52/08/3f/f72dc2cd03a14e85bfa6dfb9f85e88c9.jpg"
89146,"Je suis Charlie","Slice of Life,Comedy","http://tapastic.com/episode/89146","http://d2me59s95dy7e.cloudfront.net/cartoons/92/ef/00/bd/e529119f80a84393b072aeee8d1e0e48.jpg"
89143,"Epic Quest","Slice of Life,Comedy,Drama","http://tapastic.com/episode/89143","http://d2me59s95dy7e.cloudfront.net/cartoons/5f/be/6c/1f/030df1b68a4c41f993369af32c09a4ce.jpg;http://d2me59s95dy7e.cloudfront.net/cartoons/67/26/45/2e/8c5bbad5c6524c219b3b006446000900.jpg"
89119,"Intermission: Endomorph","Fantasy,Drama","http://tapastic.com/episode/89119","http://d2me59s95dy7e.cloudfront.net/cartoons/01/dd/eb/84/35faffacccdc4ccc8ff0ffe3be3c96db.jpg"
89105,"Fandom deprivation (feat. Margaret Dyan)","Slice of Life,Comedy,Drama","http://tapastic.com/episode/89105","http://d2me59s95dy7e.cloudfront.net/cartoons/79/b3/65/10/e0fede2f49974898abe6846fd35c2e06.jpg"
89081,"PHOTOGENIC","Slice of Life,Comedy,Gaming","http://tapastic.com/episode/89081","http://d2me59s95dy7e.cloudfront.net/cartoons/93/2c/a2/eb/b55471d194134f43a1a6a2616a122ffa.jpg"
89026,"Hump Day Special: Huru Time! ","Slice of Life,Comedy","http://tapastic.com/episode/89026","http://d2me59s95dy7e.cloudfront.net/cartoons/4f/77/53/e6/e6b5933bb69b473b818976ddd750f2ee.jpg"
89024,"Buncha phonies.","Slice of Life,Comedy","http://tapastic.com/episode/89024","http://d2me59s95dy7e.cloudfront.net/cartoons/e0/5c/33/a0/ae3f370959d94166834ab96dc8863405.jpg;http://d2me59s95dy7e.cloudfront.net/cartoons/4e/37/69/91/0466cb96be3c46a2950396290118cafe.jpg;http://d2me59s95dy7e.cloudfront.net/cartoons/80/19/9e/87/214c34676e64411389e9d71868ef4e34.jpg;http://d2me59s95dy7e.cloudfront.net/cartoons/72/bb/80/ec/fa7bdb7e0cee4b0e9a5adbeea471e044.jpg;http://d2me59s95dy7e.cloudfront.net/cartoons/15/b5/01/d7/874e95c38b7443c6af8a551c88d312c3.jpg;http://d2me59s95dy7e.cloudfront.net/cartoons/b3/4a/d6/a7/f361a9d853c74ae598b9e5bed26f0427.jpg"
88994,"Sleep...","Slice of Life","http://tapastic.com/episode/88994","http://d2me59s95dy7e.cloudfront.net/cartoons/c0/ff/12/0f/b2ac1846535243a6a17bad8d307e31ad.jpg"
88980,"Reiko in different anime (part 1)","Slice of Life,Comedy","http://tapastic.com/episode/88980","http://d2me59s95dy7e.cloudfront.net/cartoons/bd/34/34/d2/5034f75c0e5246dbb2dc6353f55ca5b7.jpg;http://d2me59s95dy7e.cloudfront.net/cartoons/21/bf/99/3a/fae00065f29a4d8cab8027e0accb2269.jpg;http://d2me59s95dy7e.cloudfront.net/cartoons/df/f5/ec/26/1163ee7891e94426a40b9028c7a90245.jpg"
88941,"GUEST COMIC: lumenizampel","Slice of Life,Comedy","http://tapastic.com/episode/88941","http://d2me59s95dy7e.cloudfront.net/cartoons/da/94/47/55/deda9395c2cc4940aacab9ac02648810.jpg"
88910,"umbrella","Slice of Life,Comedy","http://tapastic.com/episode/88910","http://d2me59s95dy7e.cloudfront.net/cartoons/bc/b5/ae/79/9d2bac657ac74de0973952978683798e.jpg"
88880,"happy 2015","Slice of Life,Comedy","http://tapastic.com/episode/88880","http://d2me59s95dy7e.cloudfront.net/cartoons/53/fe/cf/bf/2b9a474708954db9b6c3ba13768cf00a.jpg"
88874,"Rainy DaneMen","Slice of Life,Comedy,Drama","http://tapastic.com/episode/88874","http://d2me59s95dy7e.cloudfront.net/cartoons/03/63/41/62/f5b5607b659b40a99edff2becc51c8f8.jpg"
88871,"Matching Scribbles","Comedy,Drama","http://tapastic.com/episode/88871","http://d2me59s95dy7e.cloudfront.net/cartoons/69/9a/72/de/46166aa0d7d441de818607fe41f06bb9.jpg;http://d2me59s95dy7e.cloudfront.net/cartoons/a7/7c/33/51/327094cd5cad4676a6f4e52580809fc1.jpg;http://d2me59s95dy7e.cloudfront.net/cartoons/dd/37/1a/82/cf9e073977c744bc84561da78037737e.jpg;http://d2me59s95dy7e.cloudfront.net/cartoons/5f/2f/1e/24/f7d36529c3344315916450e76da81097.jpg;http://d2me59s95dy7e.cloudfront.net/cartoons/3a/85/e2/40/6fc9239ebda4442a90a1eb2d304f6af9.jpg;http://d2me59s95dy7e.cloudfront.net/cartoons/09/c9/ab/9c/e1de1f7e89214d39a30b2cedfe02b231.jpg;http://d2me59s95dy7e.cloudfront.net/cartoons/e3/31/cf/e3/f7227f8648644a8d9bd98b50b9c4b22a.jpg;http://d2me59s95dy7e.cloudfront.net/cartoons/52/da/28/ae/709ac9444769400286d6005d6f4a9576.jpg"
88848,"05","Slice of Life,Comedy","http://tapastic.com/episode/88848","http://d2me59s95dy7e.cloudfront.net/cartoons/fd/a6/fd/97/f26ebeec13e441fc8de04cbd37b548f9.jpg"
88786,"Imitation Game ","Slice of Life,Comedy","http://tapastic.com/episode/88786","http://d2me59s95dy7e.cloudfront.net/cartoons/0d/44/b6/b9/9725df5598e547158af56bd858b74459.jpg"
88769,"Noob","Slice of Life,Comedy,Gaming","http://tapastic.com/episode/88769","http://d2me59s95dy7e.cloudfront.net/cartoons/10/46/76/19/a1c5c27e9ef54c729d054d1357fd2c70.jpg"
88764,45,"Romance,Horror","http://tapastic.com/episode/88764","http://d2me59s95dy7e.cloudfront.net/cartoons/b6/eb/30/fa/0959a3f81f7948b09e0de3cc60ce1bbc.jpg;http://d2me59s95dy7e.cloudfront.net/cartoons/b5/5b/48/2a/3b1e1d16b05c4efca5cc2edf8865e272.jpg;http://d2me59s95dy7e.cloudfront.net/cartoons/82/58/2f/53/cdb4a4c43099428ca90dd9a4c4304d1d.jpg;http://d2me59s95dy7e.cloudfront.net/cartoons/2c/31/52/d1/51bced09505c45d1816236c9b0ad012b.jpg;http://d2me59s95dy7e.cloudfront.net/cartoons/a7/e3/d4/df/beb09f1105a84603a3f88a9779eb3485.jpg"
88661,"AWWWYYYEAAAHHHHHH!!!","Slice of Life,Drama","http://tapastic.com/episode/88661","http://d2me59s95dy7e.cloudfront.net/cartoons/13/4b/5d/b6/e4cfe926e7814f18958de84b7c5441e9.jpg"
88626,"01: Dive (part 1)","Action,Sci-fi,Drama","http://tapastic.com/episode/88626","http://d2me59s95dy7e.cloudfront.net/cartoons/1d/e4/5b/37/dfd5674ee4f64ad8a0e2ffa14b5d68f3.jpg;http://d2me59s95dy7e.cloudfront.net/cartoons/fa/bc/4c/b8/057f0dda95144102aa17b66126973e6d.jpg;http://d2me59s95dy7e.cloudfront.net/cartoons/43/cc/0d/c3/6d0ea57a71db4a6596ee652545def47f.jpg;http://d2me59s95dy7e.cloudfront.net/cartoons/f1/b1/45/17/9ba3904d9be94093a21f3ac7f907d718.jpg;http://d2me59s95dy7e.cloudfront.net/cartoons/2f/3e/b0/85/c0b00e91df8c41efa40aa415432511ba.jpg;http://d2me59s95dy7e.cloudfront.net/cartoons/fe/0c/b9/57/cc878c4b54d94833b231bfe7de5e8265.jpg"
88609,"Eternal Sunshine","Slice of Life,Comedy,Drama","http://tapastic.com/episode/88609","http://d2me59s95dy7e.cloudfront.net/cartoons/b1/2b/45/92/f8c95b4a69c949608b2e9d5e521595ce.jpg;http://d2me59s95dy7e.cloudfront.net/cartoons/4b/48/8b/58/aa9524c4f6e346a58533f5bdd0155818.jpg;http://d2me59s95dy7e.cloudfront.net/cartoons/a0/b9/5a/91/74fb702eab254613b596e5cfbddd777e.jpg"
88577,"MEEP","Slice of Life,Comedy","http://tapastic.com/episode/88577","http://d2me59s95dy7e.cloudfront.net/cartoons/87/70/4f/6b/9f0cdb69a0db42d8b3f634caa7ff64c6.jpg"
88553,"Art college friends pt.1","Slice of Life,Comedy,Drama","http://tapastic.com/episode/88553","http://d2me59s95dy7e.cloudfront.net/cartoons/76/57/79/8e/cea52180ef944f8286aee4b17828c3f0.jpg"
88551,"Could Be Worse","Slice of Life,Comedy","http://tapastic.com/episode/88551","http://d2me59s95dy7e.cloudfront.net/cartoons/85/b7/c2/98/fde6995e8104448ba7c7d092de4eca55.jpg"
88465,"all according to plan","Slice of Life,Comedy","http://tapastic.com/episode/88465","http://d2me59s95dy7e.cloudfront.net/cartoons/25/30/20/ac/5711645f4ce545ffacf27413635384e5.jpg"
88457,"Shower Time","Slice of Life,Comedy","http://tapastic.com/episode/88457","http://d2me59s95dy7e.cloudfront.net/cartoons/01/fd/0b/99/edd20b704481400d84b482c594fc8ecd.gif;http://d2me59s95dy7e.cloudfront.net/cartoons/f0/bc/97/dd/ff941a3cd299493b866b900895b1ba88.jpg;http://d2me59s95dy7e.cloudfront.net/cartoons/9d/7b/d0/78/d4e94b2037f346488ec99ae3722c5cbe.jpg;http://d2me59s95dy7e.cloudfront.net/cartoons/e0/80/4a/e5/7e3384b7de7b43658aaa065ed46a3033.gif;http://d2me59s95dy7e.cloudfront.net/cartoons/27/72/00/07/cb955481caec4d8989808c44f7364caa.jpg;http://d2me59s95dy7e.cloudfront.net/cartoons/0c/cb/42/75/09d97c7e25064ab0856fb30ebe68c957.jpg;http://d2me59s95dy7e.cloudfront.net/cartoons/9d/5d/cc/6a/0bcccda1dea5439aaa9ff40163f8541e.jpg;http://d2me59s95dy7e.cloudfront.net/cartoons/78/84/96/e2/ccf7d24ec2bc416bbd323ce868ca6abb.gif;http://d2me59s95dy7e.cloudfront.net/cartoons/3d/f7/0e/e8/f0a095f6a99c48a0bd2a193be97cb519.jpg;http://d2me59s95dy7e.cloudfront.net/cartoons/46/e7/14/c7/177c5637c46a46bca00cf8a1bb042db8.jpg;http://d2me59s95dy7e.cloudfront.net/cartoons/df/32/86/b8/860cc49d7f444975929df82ae605c3a6.gif"
88444,"Chapter 2 - Taste (Part 2)","Slice of Life,Sci-fi","http://tapastic.com/episode/88444","http://d2me59s95dy7e.cloudfront.net/cartoons/e7/15/13/9c/00d84bd5ccc74484987591a2d292372e.jpg;http://d2me59s95dy7e.cloudfront.net/cartoons/27/6b/91/42/abe191dff6384c3d9ba1187e9b4fd3b5.jpg;http://d2me59s95dy7e.cloudfront.net/cartoons/2c/a3/1a/ff/313b9002102e499a9bdd80bbd5967d9d.jpg;http://d2me59s95dy7e.cloudfront.net/cartoons/eb/b6/ac/b4/86f6e7a082b542d98c86f6f3d067669b.jpg;http://d2me59s95dy7e.cloudfront.net/cartoons/05/f0/4a/d9/476b5b28e92547308d991c56a3c2f068.jpg;http://d2me59s95dy7e.cloudfront.net/cartoons/5e/9e/47/00/fd27663c51fc47cc8916f5ea4f5a3a4f.jpg"
88396,"Chapter 2 - (25)","Action,Fantasy,Horror","http://tapastic.com/episode/88396","http://d2me59s95dy7e.cloudfront.net/cartoons/82/c6/20/07/847be8eeb06f4a50b80074754ff3ea0f.jpg;http://d2me59s95dy7e.cloudfront.net/cartoons/11/35/2e/28/70d4ff87f70d41fa9d7078e5a25a8b5e.jpg"
88351,"Book 2_ep 10 - Hide & Seek (10)","Fantasy,Romance","http://tapastic.com/episode/88351","http://d2me59s95dy7e.cloudfront.net/cartoons/a4/c5/ba/0d/4f337d226b5249818b00efb4c8e907e6.jpg;http://d2me59s95dy7e.cloudfront.net/cartoons/36/cf/a3/f3/30aabeecafd9425e9a9e5fe00893fa58.jpg;http://d2me59s95dy7e.cloudfront.net/cartoons/63/7b/9f/b7/bde4ccc9628a44ebb40f1a0082bdc070.jpg;http://d2me59s95dy7e.cloudfront.net/cartoons/47/1a/9f/8d/e187580497a24eefa2ca0ae5e99ccf03.jpg;http://d2me59s95dy7e.cloudfront.net/cartoons/b3/3e/4e/ef/2d580be2a0bd492a98cd811df42807e8.jpg;http://d2me59s95dy7e.cloudfront.net/cartoons/d9/9a/18/ed/43078f6078f14350baa6ccf79d33d405.jpg"
88338,"Healthy Eating","Slice of Life,Comedy","http://tapastic.com/episode/88338","http://d2me59s95dy7e.cloudfront.net/cartoons/93/1d/2a/37/b5f40ebb413640e28351627c7faf57fe.jpg"
88279,"Oversleep part3","Action,Fantasy,Sci-fi","http://tapastic.com/episode/88279","http://d2me59s95dy7e.cloudfront.net/cartoons/73/01/d3/0d/f6952cdceb3041588f1c0a1216a497a6.jpg;http://d2me59s95dy7e.cloudfront.net/cartoons/26/0b/ea/8a/bd14c1fab8c84c95be17a902fff66e33.jpg;http://d2me59s95dy7e.cloudfront.net/cartoons/1e/5c/2f/2f/00a54e6b8ca74e02b36063f8f7bb623e.jpg;http://d2me59s95dy7e.cloudfront.net/cartoons/9a/32/ba/fd/fd56731a75fc49c9b710c3c15aafaab8.jpg;http://d2me59s95dy7e.cloudfront.net/cartoons/fd/77/fb/51/83fbce85134848b8ab43160ec90da5f5.jpg;http://d2me59s95dy7e.cloudfront.net/cartoons/3c/a2/b0/15/0fa616baa3ae48bfbc860e384a6ef1f5.jpg;http://d2me59s95dy7e.cloudfront.net/cartoons/95/ea/9d/55/5c14526598da4121bf608e6d53791b28.jpg;http://d2me59s95dy7e.cloudfront.net/cartoons/5e/3b/78/c9/8f9c1adfb1a34fd7bd3e1d3aa2322f1f.jpg;http://d2me59s95dy7e.cloudfront.net/cartoons/f8/6f/87/d0/892eeb9e7bd54fcdb217bc328873a704.jpg;http://d2me59s95dy7e.cloudfront.net/cartoons/1a/bc/3f/c9/ea1c4b28176c488f953865818530ce86.jpg;http://d2me59s95dy7e.cloudfront.net/cartoons/92/c5/13/ba/d84107c4d19f40a58eb6a0b928d24855.jpg"
88256,"Spy","Comedy,Sci-fi,Gaming","http://tapastic.com/episode/88256","http://d2me59s95dy7e.cloudfront.net/cartoons/74/c9/f5/39/dd47bf898d9e4fc7928f06b9be6de19f.jpg"
88250,"Lucius","Comedy,Fantasy,Drama","http://tapastic.com/episode/88250","http://d2me59s95dy7e.cloudfront.net/cartoons/c3/de/7f/eb/4cb75e4e4460404f8ba6fc866f76e662.jpg;http://d2me59s95dy7e.cloudfront.net/cartoons/29/85/b8/e8/d610caf974e94451866f51474ac6e3dc.jpg;http://d2me59s95dy7e.cloudfront.net/cartoons/b4/0c/c7/6e/bc0bcafac6da4d7dbb2427a8575befe2.jpg;http://d2me59s95dy7e.cloudfront.net/cartoons/b6/09/3c/fa/a7b0875f68654a46b05b92138f853f75.jpg;http://d2me59s95dy7e.cloudfront.net/cartoons/f6/da/20/68/68ea06b6b89546edaa94be5c000ecc7a.jpg;http://d2me59s95dy7e.cloudfront.net/cartoons/c7/55/95/57/7e4c6f68ccd04ecead484e64e9326ddf.jpg;http://d2me59s95dy7e.cloudfront.net/cartoons/00/12/df/0e/cfa9b1fa67fc49029a685340267aa8c0.jpg"
88228,"salutations, pt. 1","Slice of Life,Comedy","http://tapastic.com/episode/88228","http://d2me59s95dy7e.cloudfront.net/cartoons/be/5b/f3/64/eef1f121a34d4850998b3678796eb6b7.jpg"
88214,"Gifts","Comedy","http://tapastic.com/episode/88214","http://d2me59s95dy7e.cloudfront.net/cartoons/09/6f/57/49/6580251fab11483bbb7f283ca66c2177.jpg"
88195,"You think this is a joke?","Slice of Life,Comedy","http://tapastic.com/episode/88195","http://d2me59s95dy7e.cloudfront.net/cartoons/cc/44/5d/11/113b8904f7fd41f8b979ecaa471c9cae.jpg;http://d2me59s95dy7e.cloudfront.net/cartoons/56/5d/06/1f/11f92e476af741168e03c812416c2d4a.jpg;http://d2me59s95dy7e.cloudfront.net/cartoons/67/79/60/a8/8df0990f13aa4be4a0a2bfefe0effc8f.jpg;http://d2me59s95dy7e.cloudfront.net/cartoons/63/91/71/58/58e9aa2de82d402ca045f746d2b4ad57.jpg;http://d2me59s95dy7e.cloudfront.net/cartoons/ff/dc/1d/78/1e1c5a4120134e8b86b9d869dfec5a85.jpg;http://d2me59s95dy7e.cloudfront.net/cartoons/82/dc/13/b0/341e6e30999d4d6d925ee0521f4e8db7.jpg"
88159,"enslaved","Slice of Life,Comedy","http://tapastic.com/episode/88159","http://d2me59s95dy7e.cloudfront.net/cartoons/8a/1c/5a/2a/7be26cac629b401cb5c18d9e944d4d84.jpg"
88152,"Chapter one? (Part 1)","Slice of Life,Comedy,Romance","http://tapastic.com/episode/88152","http://d2me59s95dy7e.cloudfront.net/cartoons/30/1b/37/8c/2a8b46015a3f4af1b360bba537db5243.jpg;http://d2me59s95dy7e.cloudfront.net/cartoons/37/8e/62/77/a394b953238d4ac79226f93e656374f2.jpg;http://d2me59s95dy7e.cloudfront.net/cartoons/c8/a4/eb/d9/266f71d8dddc4e98ae38aa1cdde031b5.jpg;http://d2me59s95dy7e.cloudfront.net/cartoons/53/c8/97/bd/8fcf017349044072a9f771b86e2b6f41.jpg;http://d2me59s95dy7e.cloudfront.net/cartoons/7b/ab/d1/11/ace538698b034f3492d2b6146704e88c.jpg;http://d2me59s95dy7e.cloudfront.net/cartoons/fe/8d/9e/1f/0a86b192474a4bbab2de9660ddc5644f.jpg;http://d2me59s95dy7e.cloudfront.net/cartoons/8e/12/b7/05/a6772eb9a0964d408480a21df88b8a93.jpg;http://d2me59s95dy7e.cloudfront.net/cartoons/6a/ee/b5/a4/9eb362eb5a844bd0b5c17c79543a3081.jpg;http://d2me59s95dy7e.cloudfront.net/cartoons/33/36/9e/c6/00a05b11ae6a4f7b86340276554f8023.jpg;http://d2me59s95dy7e.cloudfront.net/cartoons/cd/a4/08/1b/30bbc15a7b8a402ba0f8c0f5b5a00e13.jpg;http://d2me59s95dy7e.cloudfront.net/cartoons/d9/51/67/c3/445ba38a99154f74a0ee4fbe3d2b4c8b.jpg;http://d2me59s95dy7e.cloudfront.net/cartoons/4e/97/69/e3/8a0746dd94d243b587c97905574d38f4.jpg;http://d2me59s95dy7e.cloudfront.net/cartoons/3d/f1/da/05/54428d3d1dbe4226b6e827637654a1b6.jpg;http://d2me59s95dy7e.cloudfront.net/cartoons/bf/43/c5/ac/0e1c932105d244d59a54219eaf232e4d.jpg"
88148,"Arm Love","Slice of Life,Comedy","http://tapastic.com/episode/88148","http://d2me59s95dy7e.cloudfront.net/cartoons/47/c4/07/74/9fe6f36729b945bb937bbf55d1a97ffe.jpg"
88115,"PLUS-SIZED PHONE","Comedy","http://tapastic.com/episode/88115","http://d2me59s95dy7e.cloudfront.net/cartoons/28/15/9c/95/eeea67e0927840a8b95dad5e752c3c50.jpg"
88096,"Gay bar","Slice of Life,Comedy","http://tapastic.com/episode/88096","http://d2me59s95dy7e.cloudfront.net/cartoons/b4/dd/99/17/f8e2b2c8d2844df2a8b4067730da0cc1.jpg"
88063,"God Have Mercy on Me","Comedy,Drama","http://tapastic.com/episode/88063","http://d2me59s95dy7e.cloudfront.net/cartoons/18/f3/13/fb/b4b6139271bc4dadb71c49df6ec0ec78.jpg;http://d2me59s95dy7e.cloudfront.net/cartoons/3a/51/4c/c3/ef7889b2b4674721bb4cb47a55e40b06.jpg;http://d2me59s95dy7e.cloudfront.net/cartoons/a0/ff/82/41/0ddc95f4d0534fedbfc2df3b753ded0f.jpg;http://d2me59s95dy7e.cloudfront.net/cartoons/68/10/1c/05/f5734b576be44b9aaabc1cb387eb191e.jpg;http://d2me59s95dy7e.cloudfront.net/cartoons/46/9f/48/77/80d08e43408646ba831e090cf0f25395.jpg;http://d2me59s95dy7e.cloudfront.net/cartoons/9d/90/84/91/ce0e323acc834027827ca064566eadb9.jpg;http://d2me59s95dy7e.cloudfront.net/cartoons/fe/f2/98/b4/ed75fd263caf4a0a85b7c114ee6aa39e.jpg;http://d2me59s95dy7e.cloudfront.net/cartoons/b7/e4/39/cb/c9d2040392914622ad1e1d43373f9871.jpg;http://d2me59s95dy7e.cloudfront.net/cartoons/38/ff/71/78/051701d790ba4a668456a1286f7e7eb9.jpg;http://d2me59s95dy7e.cloudfront.net/cartoons/3f/43/69/66/44c48e8625a3472683e06d0968902d21.jpg;http://d2me59s95dy7e.cloudfront.net/cartoons/32/32/0e/4b/dcf572c9451d448895d2f2cb8225f355.jpg;http://d2me59s95dy7e.cloudfront.net/cartoons/de/6c/32/80/41db5a73e93c4f859e55b23cbea172c1.jpg;http://d2me59s95dy7e.cloudfront.net/cartoons/9d/57/83/73/20c4253f69a843daac2811b33dc8dfbc.jpg;http://d2me59s95dy7e.cloudfront.net/cartoons/6d/5f/6c/f8/86437547470a402a917f927c2f52e833.jpg;http://d2me59s95dy7e.cloudfront.net/cartoons/4a/85/e2/73/08df9f25222f439983640ebd29a5048f.jpg;http://d2me59s95dy7e.cloudfront.net/cartoons/ae/e8/21/a7/d785617bcd0947139e8408ef05ae68e2.jpg;http://d2me59s95dy7e.cloudfront.net/cartoons/fa/17/a0/ef/44e8a9e695c2446e9f2912e306d860c0.jpg"
87978,"Color Sundays: 2015 Resolution","Slice of Life,Comedy","http://tapastic.com/episode/87978","http://d2me59s95dy7e.cloudfront.net/cartoons/a9/58/d0/4c/fd9952ad1ae548ec9432f3078cf7d67d.jpg"
87972,"Saturday Morning Cartoons","Action,Fantasy,Sci-fi","http://tapastic.com/episode/87972","http://d2me59s95dy7e.cloudfront.net/cartoons/36/61/a3/2a/b938a4a62ccb473e9f75d71bccca2e4a.jpg;http://d2me59s95dy7e.cloudfront.net/cartoons/3f/0a/e9/66/a1d2d281f95f4ee5a7df2e2bb29b0f7b.jpg;http://d2me59s95dy7e.cloudfront.net/cartoons/75/52/38/9e/93dbcd4325b540b4bf899bd0d721ccd1.jpg;http://d2me59s95dy7e.cloudfront.net/cartoons/6c/1b/15/7b/5a5fcff88cf24fe2a724711932d19568.jpg"
87961,"THE MACHINE THAT TRAVELS IN TIME","Slice of Life,Comedy,Gaming","http://tapastic.com/episode/87961","http://d2me59s95dy7e.cloudfront.net/cartoons/f0/90/53/6a/8e4165a2602545bcbf6c172edc8611a1.jpg;http://d2me59s95dy7e.cloudfront.net/cartoons/80/32/57/25/073743b16d2d43ff8aeeb998373cf6af.jpg"
87926,"Gonna make you sweat","Slice of Life,Comedy","http://tapastic.com/episode/87926","http://d2me59s95dy7e.cloudfront.net/cartoons/6e/f9/10/8d/9584d801399c4d8cb9e3f0988f79a108.jpg;http://d2me59s95dy7e.cloudfront.net/cartoons/8e/bb/bb/cf/3980879f202d4da4900ca4dcbcc72332.jpg"
87910,"Paternity test","Slice of Life,Comedy","http://tapastic.com/episode/87910","http://d2me59s95dy7e.cloudfront.net/cartoons/35/58/d9/51/de0529e32640443599965ec87707a363.jpg;http://d2me59s95dy7e.cloudfront.net/cartoons/2f/90/c2/86/8ddd1c3548d642d3a4ec65dfc0520dea.jpg"
87898,"Worst best friend","Slice of Life","http://tapastic.com/episode/87898","http://d2me59s95dy7e.cloudfront.net/cartoons/bf/94/8e/4a/189d7f9b3f2c4fe9acde4e5dbe4f482a.jpg"
87878,"Chapter 1 - part 10","Action,Fantasy","http://tapastic.com/episode/87878","http://d2me59s95dy7e.cloudfront.net/cartoons/96/5e/9f/2a/73715ac91e664f8fa8b800f8325b4652.jpg"
87821,"BATPUN","Slice of Life,Comedy","http://tapastic.com/episode/87821","http://d2me59s95dy7e.cloudfront.net/cartoons/aa/ba/dc/65/06d331a2c8a147ae8855b551cc7e7f6d.jpg;http://d2me59s95dy7e.cloudfront.net/cartoons/6f/c1/fa/b8/92d01fd92bc44f4abb325f03e881d84a.jpg"
87786,"sympathy","Slice of Life,Comedy","http://tapastic.com/episode/87786","http://d2me59s95dy7e.cloudfront.net/cartoons/5c/93/7e/54/14b4403565ab40b2aa6efdb441f6b531.jpg"
87757,"Resolute","Comedy,Gaming","http://tapastic.com/episode/87757","http://d2me59s95dy7e.cloudfront.net/cartoons/7b/60/fa/65/8f73a1b4310e499fb7d2b253c2b08169.gif"
87730,"Chapter 2: Page 21","Action,Comedy,Sci-fi","http://tapastic.com/episode/87730","http://d2me59s95dy7e.cloudfront.net/cartoons/96/7b/e9/55/8cdd9ea48e234270b67de7e006d08373.jpg"
87718,"College Accomplishments","Slice of Life,Comedy","http://tapastic.com/episode/87718","http://d2me59s95dy7e.cloudfront.net/cartoons/16/00/47/89/60c48f0899814662b7b9c54253e7c9fb.jpg"
87633,"Chapter 1 Page 25","Action,Comedy,Fantasy","http://tapastic.com/episode/87633","http://d2me59s95dy7e.cloudfront.net/cartoons/1f/21/2d/d5/ee9cffe400744407b5afb63918ab48ae.jpg;http://d2me59s95dy7e.cloudfront.net/cartoons/a8/7a/86/bf/27cea31e942d425d832fa02d867f12ad.jpg"
87631,"2. False Impressions (11)","Fantasy,Drama","http://tapastic.com/episode/87631","http://d2me59s95dy7e.cloudfront.net/cartoons/37/28/06/91/8b82269e35834cc09ee386627a8b6fa3.jpg;http://d2me59s95dy7e.cloudfront.net/cartoons/e8/90/0d/90/665f7629aaa9430ab09ba1f51e95ef68.jpg;http://d2me59s95dy7e.cloudfront.net/cartoons/3e/9e/a1/fd/a3edc4c3050541a3aa4258d797c3d214.jpg"
87602,"Narcissexual","Comedy","http://tapastic.com/episode/87602","http://d2me59s95dy7e.cloudfront.net/cartoons/d8/5f/bb/42/43d672398067443c8ff384b1cff9d4c4.jpg"
87587,"Q and A #1: Answers!","Action,Comedy,Fantasy","http://tapastic.com/episode/87587","http://d2me59s95dy7e.cloudfront.net/cartoons/9c/24/69/a6/abc6dc53ea5a4ba3aaf62557196ce0f4.jpg"
87552,"End of the Internet","Comedy","http://tapastic.com/episode/87552","http://d2me59s95dy7e.cloudfront.net/cartoons/6f/03/77/0d/43fd6c5ac3e445b4851fe4c468f3b6c5.jpg"
87550,"Dateless","Comedy","http://tapastic.com/episode/87550","http://d2me59s95dy7e.cloudfront.net/cartoons/bb/39/2a/e2/d16c061ca3084848880db68f3812315b.jpg"
87548,"4: Virtual Apocalypse","Slice of Life,Comedy","http://tapastic.com/episode/87548","http://d2me59s95dy7e.cloudfront.net/cartoons/25/97/43/83/550da42498404693965ae4ca21acc012.jpg;http://d2me59s95dy7e.cloudfront.net/cartoons/ce/a8/c3/48/f05d318d64504c3b86632c10f059c9af.jpg"
87455,"Good Time","Slice of Life,Comedy","http://tapastic.com/episode/87455","http://d2me59s95dy7e.cloudfront.net/cartoons/70/78/ce/a0/77bae9cc75c9466a9bf87599f1799ae3.jpg"
87418,"CHARACTERS INFO","Slice of Life,Comedy,Fantasy","http://tapastic.com/episode/87418","http://d2me59s95dy7e.cloudfront.net/cartoons/f4/32/6e/5c/009cc2deb5bb45e188fe3489f439f094.jpg;http://d2me59s95dy7e.cloudfront.net/cartoons/55/d4/6c/6d/ca606514bf694e2d9a943b86b77ee4e4.jpg"
87370,"Anger Issues","Slice of Life,Comedy","http://tapastic.com/episode/87370","http://d2me59s95dy7e.cloudfront.net/cartoons/b8/4b/fe/b0/3a8b428618a34daebc079ed2c399a6c3.gif;http://d2me59s95dy7e.cloudfront.net/cartoons/fd/0f/5f/cc/6acb075286754dffa257e6858bee8ef1.gif;http://d2me59s95dy7e.cloudfront.net/cartoons/ae/38/ec/bd/52b3e7361e59489cb6358b24935cb05b.jpg"
87350,"2013 resolution (2015 edition)","Slice of Life,Comedy","http://tapastic.com/episode/87350","http://d2me59s95dy7e.cloudfront.net/cartoons/58/7a/80/c5/ef10f22053ae43c3bf126aa24ba08db5.jpg"
87308,"Chapter 1 Page 24","Action,Comedy,Fantasy","http://tapastic.com/episode/87308","http://d2me59s95dy7e.cloudfront.net/cartoons/f5/0c/b0/d3/3b1ce77ac4c54de8b8487b4af47b36bf.jpg;http://d2me59s95dy7e.cloudfront.net/cartoons/d0/7d/36/df/b1264b2ccd6f49a8979aafe1b1b49112.jpg"
87260,"Step Four - 3","Slice of Life,Comedy,Drama","http://tapastic.com/episode/87260","http://d2me59s95dy7e.cloudfront.net/cartoons/e6/bb/75/f0/d3fc8fa9871b4925bddf1460a2a0b948.jpg"
87217,"03","Slice of Life,Comedy","http://tapastic.com/episode/87217","http://d2me59s95dy7e.cloudfront.net/cartoons/f1/f7/48/af/93ed60c70cdb4317a7de5edd487b9db5.jpg"
87195,"I challenge you.","Slice of Life,Comedy","http://tapastic.com/episode/87195","http://d2me59s95dy7e.cloudfront.net/cartoons/41/4a/f1/34/8b9770120b2d4004938bd7cca2f5db17.jpg;http://d2me59s95dy7e.cloudfront.net/cartoons/fb/8a/dd/8e/6a95e39e6eff450ebb18aab8039a6d43.jpg;http://d2me59s95dy7e.cloudfront.net/cartoons/c9/23/f7/f0/cfed5a73f2b14578aaa4256429024702.jpg;http://d2me59s95dy7e.cloudfront.net/cartoons/a2/93/0d/b6/c62131ddd2e9423c8c0acb3cafbf8d13.jpg;http://d2me59s95dy7e.cloudfront.net/cartoons/b9/aa/a7/48/09f709ef34a64c41948263e7de0fa8de.jpg"
87185,"Maturing","Slice of Life,Comedy","http://tapastic.com/episode/87185","http://d2me59s95dy7e.cloudfront.net/cartoons/fa/43/d4/c3/e1998141dccc433f8fe4d66c2fa1e590.jpg;http://d2me59s95dy7e.cloudfront.net/cartoons/9a/0a/5d/9e/9ecf268e81034edbb7381269cb6be60e.jpg"
87179,"No, No, Noâ€¦.","Comedy","http://tapastic.com/episode/87179","http://d2me59s95dy7e.cloudfront.net/cartoons/7d/93/f0/bf/be99a0a0f5de41b08e6d8933471ce874.jpg"
87168,"Happy new year folks!","Slice of Life,Comedy,Drama","http://tapastic.com/episode/87168","http://d2me59s95dy7e.cloudfront.net/cartoons/f3/93/ed/6e/6ec8f359a67345299a04ec9347510574.jpg"
87140,2015,"Slice of Life,Comedy","http://tapastic.com/episode/87140","http://d2me59s95dy7e.cloudfront.net/cartoons/68/d7/3e/0e/bbba5cbc90544710b4311eccb7015a62.jpg"
87123,"anxieties ","Slice of Life,Comedy","http://tapastic.com/episode/87123","http://d2me59s95dy7e.cloudfront.net/cartoons/87/5c/58/b1/e1ae5d0ddb4b473888968fd9bdaeeb85.jpg"
87051,"Memories","Slice of Life,Comedy","http://tapastic.com/episode/87051","http://d2me59s95dy7e.cloudfront.net/cartoons/a8/ba/7d/98/78dcc5f1543442f5bd653b74ed8a7bdb.gif"
87049,"Vol.4: Track 3 FINAL UPDATE","Comedy,Romance,Drama","http://tapastic.com/episode/87049","http://d2me59s95dy7e.cloudfront.net/cartoons/91/90/dc/c1/4c6fcb8432364403a94f3e1d3ce427dc.jpg;http://d2me59s95dy7e.cloudfront.net/cartoons/c6/11/b9/69/21d2a6c0fded44a4a59e856cd94cc9cf.jpg;http://d2me59s95dy7e.cloudfront.net/cartoons/57/89/0d/f9/d493df4546b341a88c40f80a4705f810.jpg;http://d2me59s95dy7e.cloudfront.net/cartoons/89/50/3c/e9/426ac18f02924fd0ad12cd9340b01e7e.jpg;http://d2me59s95dy7e.cloudfront.net/cartoons/28/35/5a/5a/6aacf69cbd9b44b3b3b37144327016d0.jpg;http://d2me59s95dy7e.cloudfront.net/cartoons/d1/9a/b7/41/17eaa7b1f59c4ab2aacba9ed34a9dc06.jpg;http://d2me59s95dy7e.cloudfront.net/cartoons/4c/7e/a0/f3/c6b75b7ca08a495b8c1bf4cfddcda246.jpg;http://d2me59s95dy7e.cloudfront.net/cartoons/82/fd/1a/22/318c2b7bb63248d184baf5e4ce91902b.jpg;http://d2me59s95dy7e.cloudfront.net/cartoons/32/6d/35/6e/ebd119e0e46949609427bf8257bdee57.jpg;http://d2me59s95dy7e.cloudfront.net/cartoons/05/3b/0a/67/ade51ca4347b440ebb2fc3d7a563a42c.jpg;http://d2me59s95dy7e.cloudfront.net/cartoons/1d/59/81/a4/4f9a9e570154461c91a1eb00ea97b53b.jpg;http://d2me59s95dy7e.cloudfront.net/cartoons/cd/d0/b5/fd/914a553aa9b64917afec05018862d99b.jpg;http://d2me59s95dy7e.cloudfront.net/cartoons/b2/85/48/63/ab07d52dac5443a591966884daa7997d.jpg;http://d2me59s95dy7e.cloudfront.net/cartoons/13/97/53/07/13b3288ff29a4171858f8ab0f795274a.jpg;http://d2me59s95dy7e.cloudfront.net/cartoons/43/81/97/a8/6fbbc590342e4125a8b6d7934a15206e.jpg;http://d2me59s95dy7e.cloudfront.net/cartoons/ab/eb/bd/db/a51257aa59924fd7a3a6acba50bc3e95.jpg;http://d2me59s95dy7e.cloudfront.net/cartoons/46/86/a3/52/dc8b860a77db416892bcfef4ba316c11.jpg"
87042,"The dotted line","Slice of Life,Comedy,Fantasy","http://tapastic.com/episode/87042","http://d2me59s95dy7e.cloudfront.net/cartoons/ec/7f/f4/76/4cfe4216b1fa408f82e48d5f48810884.jpg"
87037,"Joining a Gym (Without Joining a Gym)","Comedy","http://tapastic.com/episode/87037","http://d2me59s95dy7e.cloudfront.net/cartoons/52/ff/46/20/703250477c3940e5a68042bea1582d8c.jpg"
87032,"I'll Draw You Anything","Slice of Life,Comedy","http://tapastic.com/episode/87032","http://d2me59s95dy7e.cloudfront.net/cartoons/56/56/60/a4/9d76e3c36110457b9e5d56fe8f4f0d92.jpg"
86999,"Rainy Danemen (Danemen guest comic)","Slice of Life,Comedy","http://tapastic.com/episode/86999","http://d2me59s95dy7e.cloudfront.net/cartoons/3a/81/2e/3e/dfda45fd3d3c4469b9ce744b8ae1b44a.jpg"
86996,"Pronoun","Slice of Life,Comedy,Fantasy","http://tapastic.com/episode/86996","http://d2me59s95dy7e.cloudfront.net/cartoons/57/35/f3/46/5496fba7625a499cbd094592369c6545.jpg"
86983,"Inspiration","Slice of Life,Comedy","http://tapastic.com/episode/86983","http://d2me59s95dy7e.cloudfront.net/cartoons/98/1b/4f/41/698c8dbef598443596dca0dc904f03d9.jpg"
86982,"Happy New Year","Action,Comedy,Fantasy","http://tapastic.com/episode/86982","http://d2me59s95dy7e.cloudfront.net/cartoons/c3/eb/80/97/1a4be742b58d4588a16363795ef6b8f9.jpg"
86846,"sleeples","Slice of Life,Comedy","http://tapastic.com/episode/86846","http://d2me59s95dy7e.cloudfront.net/cartoons/3f/20/f2/cd/de4ab9f5788e4709b6025e7f49d0c471.jpg;http://d2me59s95dy7e.cloudfront.net/cartoons/23/ac/dc/cd/964b1d4179ff4b23afecf76507f68c57.jpg;http://d2me59s95dy7e.cloudfront.net/cartoons/cb/f8/8b/ea/08d2cb94b77648f8be61f527382150cc.jpg;http://d2me59s95dy7e.cloudfront.net/cartoons/43/32/fe/42/dba31724a51244be92a48e160e86d6a1.jpg"
86836,"Be on Top","Slice of Life,Comedy,Fantasy","http://tapastic.com/episode/86836","http://d2me59s95dy7e.cloudfront.net/cartoons/b2/90/b9/ca/a276d64686a64486a60cc5e49cda499a.jpg"
86814,"Ozone","Comedy","http://tapastic.com/episode/86814","http://d2me59s95dy7e.cloudfront.net/cartoons/b6/7a/c9/0d/b61ebe99b1ab464bbcb3827f4e2c53a1.jpg"
86791,"Happy 2015","Slice of Life,Comedy,Romance","http://tapastic.com/episode/86791","http://d2me59s95dy7e.cloudfront.net/cartoons/a3/2b/6d/41/77dc5441cc7f4917bf627c9ce32fe616.jpg"
86776,"HAPPY NEW YEAR","Slice of Life,Comedy,Fantasy","http://tapastic.com/episode/86776","http://d2me59s95dy7e.cloudfront.net/cartoons/13/64/68/83/2dfcbd550db64c59a3962432c7b2387e.jpg;http://d2me59s95dy7e.cloudfront.net/cartoons/8b/14/ca/1c/7698e37fe13048b6bd942d9cf25670f6.jpg"
86775,"Brazilian way of life","Action,Slice of Life,Comedy","http://tapastic.com/episode/86775","http://d2me59s95dy7e.cloudfront.net/cartoons/15/1c/5f/39/b53621472fd04f76a0ca33c6607c2910.jpg"
86730,"EP24","Slice of Life,Fantasy","http://tapastic.com/episode/86730","http://d2me59s95dy7e.cloudfront.net/cartoons/13/20/1d/83/9f20d571227a401fa310012b3cebbf7f.jpg;http://d2me59s95dy7e.cloudfront.net/cartoons/60/1a/45/31/90c9a7030d824a368c58026b55bdf42b.jpg;http://d2me59s95dy7e.cloudfront.net/cartoons/dd/44/e9/08/fed224747f174dffb46260fcbf68de44.jpg;http://d2me59s95dy7e.cloudfront.net/cartoons/a7/b6/a1/8f/678b357edd11414dbb831ab7b6ec335b.jpg;http://d2me59s95dy7e.cloudfront.net/cartoons/b1/1e/bf/50/50360dd20da94a08902846bceb4751e9.jpg;http://d2me59s95dy7e.cloudfront.net/cartoons/14/2d/03/b5/aea42a044afe4ecb909f742eaa8bb145.jpg;http://d2me59s95dy7e.cloudfront.net/cartoons/62/12/f9/06/4aef99cd87274d65812c29c4e0258e14.jpg;http://d2me59s95dy7e.cloudfront.net/cartoons/8e/9f/9e/7f/5073e3aaef6642ff91789ee2ac4311a8.jpg;http://d2me59s95dy7e.cloudfront.net/cartoons/f4/a0/9b/63/52c55a49b423415bbcf673700ca6f241.jpg;http://d2me59s95dy7e.cloudfront.net/cartoons/4b/d1/f9/04/c8cee88cc2a94c1b80347ccdaabbba9c.jpg"
86706,"2. False Impressions (10)","Fantasy,Drama","http://tapastic.com/episode/86706","http://d2me59s95dy7e.cloudfront.net/cartoons/5b/f3/36/3e/90a7227ae48f4539a9e2ce57f77bcc94.jpg;http://d2me59s95dy7e.cloudfront.net/cartoons/0e/87/4d/64/c8e1c511756a45d38dc8e255682eeffd.jpg;http://d2me59s95dy7e.cloudfront.net/cartoons/df/5e/33/fa/097e443137d9450dbc073a537ed453d0.jpg;http://d2me59s95dy7e.cloudfront.net/cartoons/59/01/35/ff/8a85ce9cd6a24d0d955233a9a7522ad1.jpg"
86679,"Starting off strong","Slice of Life,Comedy","http://tapastic.com/episode/86679","http://d2me59s95dy7e.cloudfront.net/cartoons/83/e0/3b/c0/d0be4b86425741e7a6fc2661d5919602.jpg"
86675,"Happy New Year","Slice of Life,Comedy","http://tapastic.com/episode/86675","http://d2me59s95dy7e.cloudfront.net/cartoons/44/79/bb/02/5108d363d422440bb9fc7d2fef78b9ae.jpg"
86671,"Not a Matter of Money","Comedy,Romance,Drama","http://tapastic.com/episode/86671","http://d2me59s95dy7e.cloudfront.net/cartoons/39/ac/7f/d0/df27256a0571429388dae3a2a768a725.jpg;http://d2me59s95dy7e.cloudfront.net/cartoons/d6/a6/7f/d3/ab1de90e54074599b39a61ae00a816ec.jpg;http://d2me59s95dy7e.cloudfront.net/cartoons/c4/7c/7b/cf/aeca5158b23c4d72a3284ee56885e33e.jpg;http://d2me59s95dy7e.cloudfront.net/cartoons/1e/98/26/bf/9e96697e8a8445e283d6878bad3d8afd.jpg"
86643,2015,"Slice of Life,Comedy","http://tapastic.com/episode/86643","http://d2me59s95dy7e.cloudfront.net/cartoons/f8/bb/d7/11/49b395f9fce84f8aa8030de84b49c458.jpg"
86638,"Puppy Party 2015","Slice of Life,Comedy,Gaming","http://tapastic.com/episode/86638","http://d2me59s95dy7e.cloudfront.net/cartoons/5c/6b/2d/f4/4ad3e9bf033c4775a4ec52686e57acf7.gif"
86625,"Pages 96 - 100","Action,Comedy,Drama","http://tapastic.com/episode/86625","http://d2me59s95dy7e.cloudfront.net/cartoons/72/3a/50/04/071121610dbe44468f160097b748f521.jpg;http://d2me59s95dy7e.cloudfront.net/cartoons/5d/14/cd/37/3dc259754466414e9ead7a8f16ea38cc.jpg;http://d2me59s95dy7e.cloudfront.net/cartoons/78/56/bb/31/e56e21a9ffe640aea270fe6dce646286.jpg;http://d2me59s95dy7e.cloudfront.net/cartoons/1a/5b/66/b9/7711c388cea44e5491c428768fda9bcf.jpg;http://d2me59s95dy7e.cloudfront.net/cartoons/48/70/6e/a8/123bf3adc67440ec8d634b67ea301f91.jpg"
86591,"Resolution","Slice of Life,Comedy,Drama","http://tapastic.com/episode/86591","http://d2me59s95dy7e.cloudfront.net/cartoons/27/0c/dd/dd/bf11b24127e743ecb4f5c1b31e105e65.jpg;http://d2me59s95dy7e.cloudfront.net/cartoons/12/3f/0a/0f/e319576c62bc4ee8a5cb17a27292224b.jpg;http://d2me59s95dy7e.cloudfront.net/cartoons/80/ff/e8/d7/8983119d0ed847a3ac5125461ecab5f9.jpg"
86572,"Yes? No?","Slice of Life,Comedy","http://tapastic.com/episode/86572","http://d2me59s95dy7e.cloudfront.net/cartoons/87/4d/e1/2d/eaf4e0ed630d4ef99d3773dbffa6cd65.jpg;http://d2me59s95dy7e.cloudfront.net/cartoons/ca/40/d3/58/02ccbefce21f45a3a3063c58219ec35b.jpg;http://d2me59s95dy7e.cloudfront.net/cartoons/82/87/16/4e/823f9000a61c4850a48fa6091eb5244d.jpg;http://d2me59s95dy7e.cloudfront.net/cartoons/77/65/51/b3/d2a2ea9fdf154aeba00a8aa796c870c8.jpg"
86555,"Chapter Four, Page 23 (End)","Action,Comedy,Fantasy","http://tapastic.com/episode/86555","http://d2me59s95dy7e.cloudfront.net/cartoons/fa/83/ce/35/753bab02dff442eea3380aabff5dfe05.jpg"
86526,"The more you know","Slice of Life,Comedy,Drama","http://tapastic.com/episode/86526","http://d2me59s95dy7e.cloudfront.net/cartoons/1c/84/f3/47/7977c4c724104dd69bc5221fcbce6db5.jpg"
86515,"Happy New Year!","Comedy,Romance","http://tapastic.com/episode/86515","http://d2me59s95dy7e.cloudfront.net/cartoons/30/67/cf/b6/72288872a6a34fefa4fd3f9ed0151094.jpg;http://d2me59s95dy7e.cloudfront.net/cartoons/99/d1/72/89/766921246e064b0ab5e1cddcdb345ff9.jpg;http://d2me59s95dy7e.cloudfront.net/cartoons/1d/8a/25/ba/e42e78a48843433fbe452ae9542c2e6b.jpg"
86480,"resolution","Slice of Life,Comedy","http://tapastic.com/episode/86480","http://d2me59s95dy7e.cloudfront.net/cartoons/9c/20/88/c4/8722fc2c4ebd41769d8517e9cd21ba76.jpg"
86477,"Passing spirits","Slice of Life,Comedy,Drama","http://tapastic.com/episode/86477","http://d2me59s95dy7e.cloudfront.net/cartoons/7e/ef/0f/fb/9cfeb2b289e24c739838682b14e435c5.jpg"
86450,"Chapter 2 - Taste (Part 1)","Slice of Life,Sci-fi","http://tapastic.com/episode/86450","http://d2me59s95dy7e.cloudfront.net/cartoons/b0/cd/09/47/0ffd1508bc57495b97c1753fcad2a465.jpg;http://d2me59s95dy7e.cloudfront.net/cartoons/32/f4/1a/2d/457137f037004da8af2b3651f42af685.jpg;http://d2me59s95dy7e.cloudfront.net/cartoons/34/0b/34/f6/8e013e0ce935472593062b37b0a5ca1b.jpg;http://d2me59s95dy7e.cloudfront.net/cartoons/eb/3c/74/8b/91d7d46d883644f3b95f6739a182b946.jpg;http://d2me59s95dy7e.cloudfront.net/cartoons/27/8e/87/e7/b169ecd9a1b543f48b7c54e306ce208a.jpg;http://d2me59s95dy7e.cloudfront.net/cartoons/33/40/22/dd/2235f3e5c0654a5db15c59bd95e99288.jpg;http://d2me59s95dy7e.cloudfront.net/cartoons/b3/96/42/72/58011b34b1ba41918180bd2c72250c27.jpg"
86441,"Happy New Year!","Slice of Life,Comedy,Romance","http://tapastic.com/episode/86441","http://d2me59s95dy7e.cloudfront.net/cartoons/d4/7f/f2/d8/79da435b3ece4c93b9e242edd3eb4795.jpg"
86288,"Case 1: Part I","Action,Horror","http://tapastic.com/episode/86288","http://d2me59s95dy7e.cloudfront.net/cartoons/cd/bd/c0/17/eef1568c6c944380847394812015b94f.jpg;http://d2me59s95dy7e.cloudfront.net/cartoons/65/f8/a9/09/2b6f7282b13c475792ad389d18d2fcb0.jpg;http://d2me59s95dy7e.cloudfront.net/cartoons/b4/06/e3/d9/22fd57199e064bf29dbc9dadd73cf52f.jpg;http://d2me59s95dy7e.cloudfront.net/cartoons/c3/e7/02/bd/0553ca69c9cd4cf5a762dfb9f7ed8a06.jpg;http://d2me59s95dy7e.cloudfront.net/cartoons/dd/26/83/70/011f86327d87407b9ee038a34eec480f.jpg;http://d2me59s95dy7e.cloudfront.net/cartoons/ec/c3/b1/f2/34dafa535dd648b3b8eb7ef14bb673d9.jpg;http://d2me59s95dy7e.cloudfront.net/cartoons/c3/b6/15/9e/de05fad7dcc4400c9c396f62fa70e3a3.jpg"
86279,"A Couple of Months","Fantasy,Romance,Drama","http://tapastic.com/episode/86279","http://d2me59s95dy7e.cloudfront.net/cartoons/58/9c/b5/e5/9a203a25976e4935ba4b727bb37ed13a.jpg;http://d2me59s95dy7e.cloudfront.net/cartoons/9f/84/31/a2/6115341db53d40ab8084ee4c1a7256fb.jpg;http://d2me59s95dy7e.cloudfront.net/cartoons/91/cb/a0/48/7be63f1f379c4fd7baefe4358e1aed4a.jpg;http://d2me59s95dy7e.cloudfront.net/cartoons/e9/84/d5/f5/d71121c951a64c9cb2596698f6448f39.jpg;http://d2me59s95dy7e.cloudfront.net/cartoons/2e/77/15/36/836dc3c05ca94e219ce523aedd08ba5a.jpg;http://d2me59s95dy7e.cloudfront.net/cartoons/d1/ba/fd/7c/78594846df634234a7bb2167c6f4a222.jpg"
86244,44,"Romance,Horror","http://tapastic.com/episode/86244","http://d2me59s95dy7e.cloudfront.net/cartoons/85/3e/02/7a/958396a64bd6402ab921dab295e43853.jpg;http://d2me59s95dy7e.cloudfront.net/cartoons/59/25/04/d1/62dbe32f3d674ad5a30db0d2d2f56c78.jpg;http://d2me59s95dy7e.cloudfront.net/cartoons/bb/87/e7/2d/aa4cd53a607c41128b16257ef6669695.jpg;http://d2me59s95dy7e.cloudfront.net/cartoons/93/f4/1a/31/fa69987f5daa408597737ba1f2253e8a.jpg;http://d2me59s95dy7e.cloudfront.net/cartoons/aa/45/78/e3/a280b97210fa46fe883a1d9d6c525aa3.jpg"
86241,"Nonsense","Slice of Life,Comedy","http://tapastic.com/episode/86241","http://d2me59s95dy7e.cloudfront.net/cartoons/8b/d9/cf/56/6aca33ce249e401f9bc1057bcb4e96c0.jpg"
86228,"New Year's Eve","Comedy","http://tapastic.com/episode/86228","http://d2me59s95dy7e.cloudfront.net/cartoons/cd/8a/4b/93/0f1ec3f07741426dbd56c5d5210ca8e6.gif"
86223,"If you say so","Slice of Life,Comedy","http://tapastic.com/episode/86223","http://d2me59s95dy7e.cloudfront.net/cartoons/6b/cb/3b/ef/b38023d6f29241a0901e7a15d6ced0af.jpg;http://d2me59s95dy7e.cloudfront.net/cartoons/d5/c4/1b/9e/9abcbbd0d3544b48a49b2febb9dc9d2d.jpg"
86218,"01","Slice of Life,Comedy","http://tapastic.com/episode/86218","http://d2me59s95dy7e.cloudfront.net/cartoons/e8/84/be/12/53cb1f41a8414f6daa011645e34f74bc.jpg"
86191,"Thanks x 1000!","Fantasy,Romance","http://tapastic.com/episode/86191","http://d2me59s95dy7e.cloudfront.net/cartoons/8c/89/95/fb/a201d780d1334456b8045cff4ac69299.jpg;http://d2me59s95dy7e.cloudfront.net/cartoons/cc/0a/3b/77/9e2cc0c824484aadb863649fe9bf7f0b.jpg;http://d2me59s95dy7e.cloudfront.net/cartoons/b9/e5/3c/cf/70a84b1befa04d16910bda8a569739a1.jpg;http://d2me59s95dy7e.cloudfront.net/cartoons/0f/ba/7c/47/396f80e743e04d49b990d34a68053079.jpg"
86171,"Let him who is without sin cast the first stone","Slice of Life,Comedy,Gaming","http://tapastic.com/episode/86171","http://d2me59s95dy7e.cloudfront.net/cartoons/b0/42/e5/00/5ff2a31ebbed4e48bae2a58fb3cf25c7.jpg;http://d2me59s95dy7e.cloudfront.net/cartoons/28/1f/1e/45/d95a6383fc504c229857ad16c9d09e4e.gif"
86146,"Silent but Deadly","Slice of Life,Comedy","http://tapastic.com/episode/86146","http://d2me59s95dy7e.cloudfront.net/cartoons/3e/6a/e7/8e/3d6f475043bc4554931dc4c9da49822a.jpg"
86097,"What was that?!","Comedy","http://tapastic.com/episode/86097","http://d2me59s95dy7e.cloudfront.net/cartoons/08/5d/c6/1d/5509bb13205743fc9f97293b33303e3d.jpg"
86083,"Last Year's Resolutions","Comedy","http://tapastic.com/episode/86083","http://d2me59s95dy7e.cloudfront.net/cartoons/3e/d4/6f/92/089ec3c531ff4e518772a92c47f4e196.jpg"
86056,"New year livestream event!","Slice of Life,Comedy","http://tapastic.com/episode/86056","http://d2me59s95dy7e.cloudfront.net/cartoons/97/21/f6/ff/5028adf2817f455db1e5aee2ea7072d3.jpg"
86055,"Jeans","Slice of Life,Comedy","http://tapastic.com/episode/86055","http://d2me59s95dy7e.cloudfront.net/cartoons/28/96/9e/34/38bcc4e7569e4f388877ca5ec4c036d0.jpg"
86053,"Eve","Slice of Life,Comedy,Drama","http://tapastic.com/episode/86053","http://d2me59s95dy7e.cloudfront.net/cartoons/ac/32/a1/c3/e3c1b66c327047fd998464a1017df66d.jpg;http://d2me59s95dy7e.cloudfront.net/cartoons/9b/64/c3/34/25b2bfa78974484fbcb9334cbd41100e.jpg;http://d2me59s95dy7e.cloudfront.net/cartoons/55/68/37/3d/44d122008be04eb0b5340ac7b379c7e9.jpg"
86050,"Love Kills","Slice of Life,Comedy","http://tapastic.com/episode/86050","http://d2me59s95dy7e.cloudfront.net/cartoons/c3/15/7d/e1/b20a569053a44ec1a1cd432b1c855b42.jpg;http://d2me59s95dy7e.cloudfront.net/cartoons/64/4d/9a/11/fe7f5c54ece54599af982f43fa81fdd5.jpg"
86042,"Stress","Slice of Life,Comedy","http://tapastic.com/episode/86042","http://d2me59s95dy7e.cloudfront.net/cartoons/7b/85/b0/cf/6f4be70b609b492e8be15349c7f754ab.jpg;http://d2me59s95dy7e.cloudfront.net/cartoons/f6/4e/51/1a/aac53d849be942c3b910ab1391c30319.jpg"
86040,"Cinty","Slice of Life,Comedy","http://tapastic.com/episode/86040","http://d2me59s95dy7e.cloudfront.net/cartoons/fb/ac/06/c5/d9d8b0213fc4450abb2ed490e3f6bec7.jpg"
86033,"Subscribers","Slice of Life,Comedy","http://tapastic.com/episode/86033","http://d2me59s95dy7e.cloudfront.net/cartoons/58/f0/b2/95/18d7d012a4794662a0011f8993b5ae29.jpg;http://d2me59s95dy7e.cloudfront.net/cartoons/db/52/0a/36/99c0a5070a9e4b2c8866af919b588fee.jpg"
85878,"the Crow's Duty","Slice of Life,Drama","http://tapastic.com/episode/85878","http://d2me59s95dy7e.cloudfront.net/cartoons/29/bb/20/70/7a841b37ba884676b763d41e5b947b16.jpg;http://d2me59s95dy7e.cloudfront.net/cartoons/b4/19/a1/16/92589fe38cce41c688eaa2fe291af55c.jpg;http://d2me59s95dy7e.cloudfront.net/cartoons/ff/a4/25/eb/23ade48901a049d8a6f9feb30de4b6d7.jpg;http://d2me59s95dy7e.cloudfront.net/cartoons/83/b7/c3/62/30fb37aef1074b59aa6ce491bbb66491.jpg;http://d2me59s95dy7e.cloudfront.net/cartoons/6c/de/74/86/adc2bc3f00524f94908bdb20c39a3eb7.jpg;http://d2me59s95dy7e.cloudfront.net/cartoons/fa/9f/1e/83/7420a6531c574d8f931906aaf5b613f3.jpg"
85820,"My New Years Resolution","Slice of Life,Comedy","http://tapastic.com/episode/85820","http://d2me59s95dy7e.cloudfront.net/cartoons/a2/49/f3/9c/3fc23995936845389b6482c369c029a5.jpg"
85770,"You know nothing John","Comedy,Fantasy,Drama","http://tapastic.com/episode/85770","http://d2me59s95dy7e.cloudfront.net/cartoons/1d/3b/54/4a/2ae735a5628844cba3bc8a966a4e9054.jpg"
85767,"Humans","Slice of Life,Comedy","http://tapastic.com/episode/85767","http://d2me59s95dy7e.cloudfront.net/cartoons/89/b2/4e/ec/4e20f618fd27403a85ab586ed62aca29.jpg;http://d2me59s95dy7e.cloudfront.net/cartoons/48/b4/9b/06/3b8d4495ff304db0b6f6935ffde4e18f.jpg;http://d2me59s95dy7e.cloudfront.net/cartoons/b5/03/82/f8/480a92b47083494c99e67f4b83395fd1.jpg"
85717,"The Ghost Of New Years!","Comedy","http://tapastic.com/episode/85717","http://d2me59s95dy7e.cloudfront.net/cartoons/00/85/2e/20/a346af552afc43bc860b79aea3dc0c89.jpg"
85669,"Brooklyn","Comedy,Fantasy,Drama","http://tapastic.com/episode/85669","http://d2me59s95dy7e.cloudfront.net/cartoons/af/a6/16/2c/ccb7f7ad75304898b52b641ca30954fa.jpg;http://d2me59s95dy7e.cloudfront.net/cartoons/31/83/5e/60/83e93fbcfbf9494a8f831c8311a80b6d.jpg;http://d2me59s95dy7e.cloudfront.net/cartoons/55/06/0a/0a/82ecab48ee8d4e40bd2107f14245ea0a.jpg;http://d2me59s95dy7e.cloudfront.net/cartoons/a2/57/41/22/1b34142c52f94f3a9cb2f6506fc5b50b.jpg;http://d2me59s95dy7e.cloudfront.net/cartoons/94/ba/34/43/b0e1b357482a4480b17a2f60c9c5b9a7.jpg;http://d2me59s95dy7e.cloudfront.net/cartoons/1b/cd/af/70/b14b3fa69eb74c26b000ce3c115f11c4.jpg;http://d2me59s95dy7e.cloudfront.net/cartoons/02/c0/86/22/63e6cf148d7f4880871845ebe56ed7cd.jpg;http://d2me59s95dy7e.cloudfront.net/cartoons/36/1e/40/37/c1f854a382f648439bf180bebcf12ab0.jpg;http://d2me59s95dy7e.cloudfront.net/cartoons/e8/70/eb/5b/b6b6b715aaef4303803582cc3ce8f003.jpg;http://d2me59s95dy7e.cloudfront.net/cartoons/ea/69/e3/66/7598e3f09fc340cda5786b250d7f27f5.jpg;http://d2me59s95dy7e.cloudfront.net/cartoons/26/c0/bf/7f/f3761be9a1374b42867239862e92248b.jpg;http://d2me59s95dy7e.cloudfront.net/cartoons/cb/15/b5/be/3c005be444dc47b39dea9c60f3cea795.jpg;http://d2me59s95dy7e.cloudfront.net/cartoons/65/d2/69/78/fb224c8d741b4345808c7ff7746be911.jpg;http://d2me59s95dy7e.cloudfront.net/cartoons/0f/88/79/87/b5429dbba1ce4a068b5d1207c86edbe0.jpg;http://d2me59s95dy7e.cloudfront.net/cartoons/61/69/25/97/e637f0d56abf4a87bf850d06feba1a7d.jpg"
85668,"The Sounds of the New Year","Comedy","http://tapastic.com/episode/85668","http://d2me59s95dy7e.cloudfront.net/cartoons/3a/44/72/8b/e8fa0a5379224538b1411c3bc97f91e0.gif"
85629,"The Obligation Monster","Slice of Life,Comedy","http://tapastic.com/episode/85629","http://d2me59s95dy7e.cloudfront.net/cartoons/af/e9/f4/ee/ff8764ea289d46e0a4bd34a5449548e3.jpg;http://d2me59s95dy7e.cloudfront.net/cartoons/ce/94/26/74/7ab5411f4bf04432ab774483d00fdcf1.jpg;http://d2me59s95dy7e.cloudfront.net/cartoons/d5/25/c4/f1/6ee5a64f6d3f40928f25a5bfd928f858.jpg"
85582,"Christmas Gift","Slice of Life,Comedy,Fantasy","http://tapastic.com/episode/85582","http://d2me59s95dy7e.cloudfront.net/cartoons/eb/fd/2a/cc/8ae5de7e5008491aab140578731aadf8.jpg;http://d2me59s95dy7e.cloudfront.net/cartoons/da/99/5e/d9/573304089f61494baf07e1168f8dc827.jpg"
85576,"Territorial","Slice of Life,Comedy","http://tapastic.com/episode/85576","http://d2me59s95dy7e.cloudfront.net/cartoons/65/4c/2b/0f/c82179c2d48e4d6899546d61cd66648b.jpg"
85523,"New Year's Resolutions","Comedy","http://tapastic.com/episode/85523","http://d2me59s95dy7e.cloudfront.net/cartoons/f5/91/23/c1/9d99371918ae495da545b826fcffc8ec.jpg"
85500,"Minisode 2","Comedy,Fantasy,Romance","http://tapastic.com/episode/85500","http://d2me59s95dy7e.cloudfront.net/cartoons/d5/d7/ad/1e/824ea897605e4c778c825a688a30b20c.jpg;http://d2me59s95dy7e.cloudfront.net/cartoons/8b/4a/06/1b/6c827f8fe408407d86f5fb9e5f8a5e08.jpg;http://d2me59s95dy7e.cloudfront.net/cartoons/6a/04/2d/7a/b4cfef38729f48abb27d990946fcc48d.jpg"
85484,"Isn't it obvious?","Fantasy,Romance,Drama","http://tapastic.com/episode/85484","http://d2me59s95dy7e.cloudfront.net/cartoons/1c/16/12/1a/127bc99f1e3e4cbdbaf437eab26e007a.jpg;http://d2me59s95dy7e.cloudfront.net/cartoons/c1/e9/45/93/5261cfe2c3c547de9dbbee561f113dcd.jpg;http://d2me59s95dy7e.cloudfront.net/cartoons/1d/f9/b5/32/bd0985048fce4b50815d92b61b2a1631.jpg;http://d2me59s95dy7e.cloudfront.net/cartoons/9f/fd/98/3a/c4f6b8412345463bafd23ddf7bbd48cd.jpg;http://d2me59s95dy7e.cloudfront.net/cartoons/5a/fc/c8/70/d235eb26c2bc4776bc70ad2e3cf8c94c.jpg;http://d2me59s95dy7e.cloudfront.net/cartoons/15/08/23/6b/99b65d4dbe9f4d5898abf1d0362b6050.jpg;http://d2me59s95dy7e.cloudfront.net/cartoons/14/1c/9b/a4/ac0eae37d35744018c7f2713f98b19fc.jpg;http://d2me59s95dy7e.cloudfront.net/cartoons/bf/fe/5e/9b/e458b8ad1d8347c182421079c91fbd4c.jpg;http://d2me59s95dy7e.cloudfront.net/cartoons/5e/21/f8/43/ab4da44b555b45b5bfd16065ebedc4c7.jpg;http://d2me59s95dy7e.cloudfront.net/cartoons/ac/02/d1/d1/e0f99bc50bb749d2ac2ba14f939b1630.jpg;http://d2me59s95dy7e.cloudfront.net/cartoons/b1/32/86/03/cd00b3788e624500b80841086c0de247.jpg;http://d2me59s95dy7e.cloudfront.net/cartoons/8d/4a/36/a3/7261584d495049b4822ea1f716dcc28d.jpg;http://d2me59s95dy7e.cloudfront.net/cartoons/2a/66/43/32/47522ba27d3a4117bbafa0cee926eacd.jpg;http://d2me59s95dy7e.cloudfront.net/cartoons/7c/0d/8f/8f/28853c8286c14a75901fcb80c1431438.jpg;http://d2me59s95dy7e.cloudfront.net/cartoons/91/7d/82/05/9ade69d756634288a34af959f48cd061.jpg;http://d2me59s95dy7e.cloudfront.net/cartoons/12/43/ae/ad/4672b452e09d44d48283d395044837c7.jpg"
85471,"Smash","Slice of Life,Comedy,Fantasy","http://tapastic.com/episode/85471","http://d2me59s95dy7e.cloudfront.net/cartoons/d5/f9/9b/b8/b4c0f69b9ada40afbc5199f3d217580f.jpg"
85414,"Chapter 1 - Ely (Part 4 - End)","Slice of Life,Sci-fi","http://tapastic.com/episode/85414","http://d2me59s95dy7e.cloudfront.net/cartoons/53/c9/c4/33/c24fd9fa41724c94925975135c0135f8.jpg;http://d2me59s95dy7e.cloudfront.net/cartoons/84/bd/6f/5e/620da7d903394edf99e257a103490226.jpg;http://d2me59s95dy7e.cloudfront.net/cartoons/01/eb/ba/aa/4b22de755cca4dfa8fc08a4505484c77.jpg;http://d2me59s95dy7e.cloudfront.net/cartoons/72/d0/e4/dd/bbb0298b96024526aaa926411a8cab71.jpg;http://d2me59s95dy7e.cloudfront.net/cartoons/6a/af/02/16/28d2a6ba81ed4604aba73e6a71040f51.jpg;http://d2me59s95dy7e.cloudfront.net/cartoons/16/25/fa/22/39f67edab8a24b259997f4d0f6370d30.jpg"
85406,"Going Through Life on Autopilot","Slice of Life,Comedy","http://tapastic.com/episode/85406","http://d2me59s95dy7e.cloudfront.net/cartoons/e6/cf/76/e7/2eae50c6d16a4b4a952626c300aa6c7d.jpg;http://d2me59s95dy7e.cloudfront.net/cartoons/37/b2/de/a0/164a1085c20f4174813f6e1482a5af92.jpg"
85404,"Fins (or not) pt 1","Slice of Life,Fantasy","http://tapastic.com/episode/85404","http://d2me59s95dy7e.cloudfront.net/cartoons/b6/06/41/af/f64212de2e8f4b1884e14e10538350ae.jpg;http://d2me59s95dy7e.cloudfront.net/cartoons/32/0e/22/44/b1b94becf20a42fb9eb76a77e34aaa79.jpg;http://d2me59s95dy7e.cloudfront.net/cartoons/58/2a/b6/ff/67bff2de38d94e748491d7acda935cd4.jpg"
85394,"Selfie","Slice of Life,Comedy,Romance","http://tapastic.com/episode/85394","http://d2me59s95dy7e.cloudfront.net/cartoons/94/2d/5a/ac/2b5ea7dd50ca4d458e7a1b88bd1c13c9.jpg"
85391,"Resolutions","Comedy","http://tapastic.com/episode/85391","http://d2me59s95dy7e.cloudfront.net/cartoons/27/a0/c3/64/e6aa99f203d34faba7649cd59ecfec8a.jpg"
85388,"2. False Impressions (9)","Fantasy,Drama","http://tapastic.com/episode/85388","http://d2me59s95dy7e.cloudfront.net/cartoons/87/16/23/4f/c86cf97834dd42b78ae0f2f6118fc5d1.jpg;http://d2me59s95dy7e.cloudfront.net/cartoons/39/00/12/18/234f89e93b96431397e9c327a3263b80.jpg;http://d2me59s95dy7e.cloudfront.net/cartoons/6e/09/7e/04/adc276a182744f11b4d33aef604a852b.jpg;http://d2me59s95dy7e.cloudfront.net/cartoons/b8/e5/28/13/a96fad3bbd5646b5a662329e0b6c765a.jpg;http://d2me59s95dy7e.cloudfront.net/cartoons/89/8b/44/01/5e06e0c7355a4101bb2bb02646aeedcd.jpg;http://d2me59s95dy7e.cloudfront.net/cartoons/15/9c/5b/81/bce6f83075de4ce79d469ed7b976d743.jpg;http://d2me59s95dy7e.cloudfront.net/cartoons/82/73/5c/ed/1691b9998134402398a83d6a054a2b25.gif;http://d2me59s95dy7e.cloudfront.net/cartoons/7f/ee/cd/06/77685500efad4294bcca1d229fa862c1.jpg"
85385,"Episode 13 (Drew)","Comedy,Fantasy,Romance","http://tapastic.com/episode/85385","http://d2me59s95dy7e.cloudfront.net/cartoons/08/00/3a/86/ee75f1160be146cc8e2169113af9d031.jpg;http://d2me59s95dy7e.cloudfront.net/cartoons/b2/ab/c2/49/db06d5367011412a91093f11126de865.jpg;http://d2me59s95dy7e.cloudfront.net/cartoons/5c/4b/45/6b/6b04913040524bf0a5fcc3536c539962.jpg"
85378,"Happy New Year!","Slice of Life,Comedy","http://tapastic.com/episode/85378","http://d2me59s95dy7e.cloudfront.net/cartoons/ec/9f/8b/a5/a6617592bce643129920df98a3060b7a.jpg"
85279,"All about the haircut","Slice of Life,Comedy","http://tapastic.com/episode/85279","http://d2me59s95dy7e.cloudfront.net/cartoons/fe/1f/9d/41/02060e2652434698a24828c04834aeb1.jpg;http://d2me59s95dy7e.cloudfront.net/cartoons/09/ab/6b/cc/a02ce13b3f3343429c5f35bfcebbba51.jpg"
85150,"Inspiration","Slice of Life","http://tapastic.com/episode/85150","http://d2me59s95dy7e.cloudfront.net/cartoons/5e/04/7c/67/199bb9a91f3a4886b8d4d4d2f174dab2.jpg"
85135,"Going Out","Slice of Life","http://tapastic.com/episode/85135","http://d2me59s95dy7e.cloudfront.net/cartoons/74/f5/eb/c3/2c60f04f57f84461a0dcc862665376df.jpg;http://d2me59s95dy7e.cloudfront.net/cartoons/89/3f/22/0a/80d039a81ff844118de48f3b10e560ff.jpg"
85097,"Emotional Support","Slice of Life,Comedy","http://tapastic.com/episode/85097","http://d2me59s95dy7e.cloudfront.net/cartoons/3f/c9/e9/27/000106f150494442a95ea7feb6b276b1.jpg"
85088,"PODCAST","Slice of Life,Comedy,Drama","http://tapastic.com/episode/85088","http://d2me59s95dy7e.cloudfront.net/cartoons/17/2e/2b/c9/dc0adaa493604b4883098d4b10c90df0.jpg"
85085,"Out on the streets","Action,Comedy,Fantasy","http://tapastic.com/episode/85085","http://d2me59s95dy7e.cloudfront.net/cartoons/dc/d2/e1/00/e2cf6d6ffc5147fbab1f4557e6045937.jpg;http://d2me59s95dy7e.cloudfront.net/cartoons/03/1c/b3/39/27f749918ca346da8dc9341c45ee2341.jpg"
85083,"To fix what's broken","Slice of Life","http://tapastic.com/episode/85083","http://d2me59s95dy7e.cloudfront.net/cartoons/73/b7/3a/b5/e872b060eb37428cbcaa5bef3eaa3aae.jpg"
85081,"Letting Go","Comedy,Gaming","http://tapastic.com/episode/85081","http://d2me59s95dy7e.cloudfront.net/cartoons/c0/74/99/8e/5d2fbb71d7de4d57927fbd1bf4607f8c.jpg"
85059,"To the captive ","Slice of Life,Comedy,Fantasy","http://tapastic.com/episode/85059","http://d2me59s95dy7e.cloudfront.net/cartoons/62/c3/6f/45/f7063d8477b74472bef2c7937dff6549.jpg"
85043,"Be Mine","Slice of Life,Comedy,Fantasy","http://tapastic.com/episode/85043","http://d2me59s95dy7e.cloudfront.net/cartoons/97/36/c7/ee/712a78f4fdaf4926a299962048afd7f1.jpg"
85017,"Chapter 1 - Part 9","Action,Fantasy","http://tapastic.com/episode/85017","http://d2me59s95dy7e.cloudfront.net/cartoons/fd/de/f9/76/57f7ced22d3c4f9b937c05e0f45929f4.jpg;http://d2me59s95dy7e.cloudfront.net/cartoons/7e/4f/c5/ee/c960ce22d33a418caa16434d9a9baedb.jpg"
85012,"Chapter 2","Slice of Life,Fantasy","http://tapastic.com/episode/85012","http://d2me59s95dy7e.cloudfront.net/cartoons/8a/09/64/07/26f863767a1e46948fc790dfaa7c583f.jpg;http://d2me59s95dy7e.cloudfront.net/cartoons/57/e9/65/8c/1673338073854b2ba10f347ab6e856b0.jpg;http://d2me59s95dy7e.cloudfront.net/cartoons/91/79/72/51/6ad4c5252ee74f25991024b0ada87885.jpg;http://d2me59s95dy7e.cloudfront.net/cartoons/ca/83/63/23/85d72c35103140e59e407a29963f06e4.jpg;http://d2me59s95dy7e.cloudfront.net/cartoons/8e/a6/a3/87/234e3a29df39469f951a6094a7dd8650.jpg;http://d2me59s95dy7e.cloudfront.net/cartoons/a8/7a/a8/a1/4711acea83d7438fa676a97fe2e33f03.jpg;http://d2me59s95dy7e.cloudfront.net/cartoons/e2/99/18/42/e6e4ea93978d422080f3a677acc61f46.jpg;http://d2me59s95dy7e.cloudfront.net/cartoons/82/3d/b1/7a/f9eabbe090544bb5b20ffa18d06e3c86.jpg;http://d2me59s95dy7e.cloudfront.net/cartoons/23/5a/8e/b6/ab59c4049a77462a8c5a6149ae54c4af.jpg"
85010,"i can draw that","Slice of Life,Comedy","http://tapastic.com/episode/85010","http://d2me59s95dy7e.cloudfront.net/cartoons/95/34/87/df/7be8296b3fd24f27aa2e02b5120e3e40.jpg;http://d2me59s95dy7e.cloudfront.net/cartoons/71/8a/b5/27/20194650065e494eb84531ade7f246f0.jpg;http://d2me59s95dy7e.cloudfront.net/cartoons/44/38/c4/0a/6bda85425a864537bfdf0774efa524c3.jpg"
84988,"Love is... YOU!","Slice of Life,Comedy,Romance","http://tapastic.com/episode/84988","http://d2me59s95dy7e.cloudfront.net/cartoons/fc/64/7a/10/7b55a71159574f33884d6462435f18df.jpg;http://d2me59s95dy7e.cloudfront.net/cartoons/83/15/e3/e0/f3ac46dff7f247fcb461ba0a039c9b55.jpg;http://d2me59s95dy7e.cloudfront.net/cartoons/75/58/93/8c/793057f763ec433e81d04583adbd1bee.jpg"
84982,"Chapter 1","Slice of Life,Fantasy","http://tapastic.com/episode/84982","http://d2me59s95dy7e.cloudfront.net/cartoons/c9/bd/7b/2b/0b49aa0820c141e1b557291f386a482b.jpg;http://d2me59s95dy7e.cloudfront.net/cartoons/5d/ac/06/e0/48c22967a25c4db7a425810110c42693.jpg;http://d2me59s95dy7e.cloudfront.net/cartoons/ee/b5/f9/d6/37cab7a6d2244b828f76d38526e46b2d.jpg;http://d2me59s95dy7e.cloudfront.net/cartoons/02/51/64/f1/cdac64038223435a9a73ae8ab734245d.jpg;http://d2me59s95dy7e.cloudfront.net/cartoons/22/12/bf/c1/94378908c8924eca9c39507a1f92db84.jpg;http://d2me59s95dy7e.cloudfront.net/cartoons/3b/23/8b/81/e7bfd340d92d459192d9756a5cb2f5a7.jpg;http://d2me59s95dy7e.cloudfront.net/cartoons/3f/48/75/5a/da377851ac564d12bf5bf73976715b87.jpg;http://d2me59s95dy7e.cloudfront.net/cartoons/be/6c/56/bd/c08060d8cbc042ccaf7d365dfb533226.jpg;http://d2me59s95dy7e.cloudfront.net/cartoons/85/f3/08/55/a103d3b057f74c5080dc90d53f8704be.jpg;http://d2me59s95dy7e.cloudfront.net/cartoons/c5/97/11/69/2ee8128dd0084981a20e49c596d41cae.jpg;http://d2me59s95dy7e.cloudfront.net/cartoons/88/48/c2/ba/ad302f80485f47d1bbd641b2295c0c1a.jpg;http://d2me59s95dy7e.cloudfront.net/cartoons/14/87/c1/df/91a0e7e7a0cb44ce813a6f622ebed7fc.jpg;http://d2me59s95dy7e.cloudfront.net/cartoons/8f/40/f7/96/dba05543cdf84273a8ba57f075f1963a.jpg;http://d2me59s95dy7e.cloudfront.net/cartoons/07/17/79/df/639a618d268a425fb15f0f4ed9a745f2.jpg;http://d2me59s95dy7e.cloudfront.net/cartoons/99/28/77/2a/3cbe7ae71079489fb2f66ea356c14716.jpg;http://d2me59s95dy7e.cloudfront.net/cartoons/0d/3e/09/72/15fdf7824dde44b79523f30af62295d7.jpg"
84876,"And then you respawn?","Slice of Life,Comedy","http://tapastic.com/episode/84876","http://d2me59s95dy7e.cloudfront.net/cartoons/6f/08/33/07/bccb42b656c84c24b2bee6268a9fd958.jpg;http://d2me59s95dy7e.cloudfront.net/cartoons/be/72/5f/45/75d626b7fc564af9a56b220641ead29c.jpg;http://d2me59s95dy7e.cloudfront.net/cartoons/bc/0a/0d/06/b343d399fc674cd3804fa9ee85ca5cb8.jpg;http://d2me59s95dy7e.cloudfront.net/cartoons/dc/c3/84/7e/cb2a8f13c1d24484ad280ef986e93bb6.jpg;http://d2me59s95dy7e.cloudfront.net/cartoons/f2/49/58/5e/85a63dfffe614eac8804ce23371b3ee9.jpg;http://d2me59s95dy7e.cloudfront.net/cartoons/de/36/84/6c/50c817f8cba742ad925b6d9bf7c8b917.jpg;http://d2me59s95dy7e.cloudfront.net/cartoons/50/6a/5a/93/8265c29562a94fcbaedd10e4ad4488a3.jpg;http://d2me59s95dy7e.cloudfront.net/cartoons/db/aa/0a/2e/0a059f1cfd64474bbb44fe33387b7a22.jpg;http://d2me59s95dy7e.cloudfront.net/cartoons/6e/7d/71/5c/7a4a4992827e41b4a75aebcc0aaffca1.jpg"
84874,"Carrots","Slice of Life,Fantasy,Romance","http://tapastic.com/episode/84874","http://d2me59s95dy7e.cloudfront.net/cartoons/83/6c/3a/c2/31613855adc04cbe9ec2b48e9bf00f33.jpg;http://d2me59s95dy7e.cloudfront.net/cartoons/1e/be/ed/7f/e17aeed734794815b2a31f922f552327.jpg;http://d2me59s95dy7e.cloudfront.net/cartoons/49/2b/6c/12/f19871f71c824c7992b6ee20fbfac734.jpg;http://d2me59s95dy7e.cloudfront.net/cartoons/fe/a3/94/a7/b923e743b494482fa54877a0d4913e7f.jpg;http://d2me59s95dy7e.cloudfront.net/cartoons/5e/c9/19/f8/b90e92663ade4723a30e1062872425cc.jpg;http://d2me59s95dy7e.cloudfront.net/cartoons/3d/7f/8e/e7/ad85d757a8094a3f8c70a8636f500fe4.jpg;http://d2me59s95dy7e.cloudfront.net/cartoons/4f/d6/92/b9/0770b90ccd5e4790b992ecfd33c8fd61.jpg;http://d2me59s95dy7e.cloudfront.net/cartoons/f3/37/70/c2/735e502f8fc34ac0ba877d2028e8ba65.jpg;http://d2me59s95dy7e.cloudfront.net/cartoons/31/84/1f/64/dfba411460c5456bb27dceb1141e8f04.jpg;http://d2me59s95dy7e.cloudfront.net/cartoons/2b/ee/ee/db/99570103484d480b95f3130081ec6197.jpg;http://d2me59s95dy7e.cloudfront.net/cartoons/5f/29/a3/d5/e44f5262fb444f82b4f2850b43b43dd2.jpg;http://d2me59s95dy7e.cloudfront.net/cartoons/7a/b4/94/dd/f535e0345f5f4caaa628580fa8dcbedc.jpg"
84771,"this prescription is TOO STRONG for you, traveler","Slice of Life,Comedy","http://tapastic.com/episode/84771","http://d2me59s95dy7e.cloudfront.net/cartoons/4a/97/89/9b/1d52941d17bc464a9b94a2c9dd3a1196.jpg"
84742,"The Best for Her","Comedy,Romance,Drama","http://tapastic.com/episode/84742","http://d2me59s95dy7e.cloudfront.net/cartoons/c4/7c/e0/f0/56e58d159540461394c00845bc201f46.jpg;http://d2me59s95dy7e.cloudfront.net/cartoons/29/7b/49/61/de836dcd59a44ed3bd497986aa7a8cf1.jpg;http://d2me59s95dy7e.cloudfront.net/cartoons/1a/d6/e0/08/01545ee6bd56404697c9888b7b59836f.jpg;http://d2me59s95dy7e.cloudfront.net/cartoons/fd/04/83/9c/6dc09cb9993b4b57b21bcc10c2aaf966.jpg;http://d2me59s95dy7e.cloudfront.net/cartoons/3a/7f/89/ab/dd4921a88a924f4db1f2b634a5e7a2e9.jpg"
84740,"Something Important","Comedy,Romance,Drama","http://tapastic.com/episode/84740","http://d2me59s95dy7e.cloudfront.net/cartoons/b7/b5/62/09/f6124e1faa374ac1a9b4d326b8f1d6d5.jpg;http://d2me59s95dy7e.cloudfront.net/cartoons/b8/58/a5/da/e030fad4fdc4492eba29fa955df08907.jpg;http://d2me59s95dy7e.cloudfront.net/cartoons/b9/2d/13/10/ccc6e03b5ad04d2483054e4993b0bc47.jpg;http://d2me59s95dy7e.cloudfront.net/cartoons/f9/02/39/93/ebe377d8771a4e1f9a9f14b332ff7cb2.jpg"
84738,"Only Gone for a Moment","Comedy,Romance,Drama","http://tapastic.com/episode/84738","http://d2me59s95dy7e.cloudfront.net/cartoons/10/b3/ab/b7/2b0bc8ef2bfb42d894039af9ae56fe74.jpg"
84656,"Book 2_ep 9 - Hide & Seek (9)","Fantasy,Romance","http://tapastic.com/episode/84656","http://d2me59s95dy7e.cloudfront.net/cartoons/f6/a0/d3/9d/cc9c87744b2f40a9a6a3c3330ac8f00c.jpg;http://d2me59s95dy7e.cloudfront.net/cartoons/9b/f3/ad/c0/7a660b85781046e8a2682cd2ce7c92c7.jpg;http://d2me59s95dy7e.cloudfront.net/cartoons/72/ed/12/3a/001f1fca74bb449db87a8c28799f6305.jpg;http://d2me59s95dy7e.cloudfront.net/cartoons/a7/be/55/7e/46c210f7eccb40f99fff534d1ea72b16.jpg;http://d2me59s95dy7e.cloudfront.net/cartoons/13/fc/76/ad/b9fb328c85c44f85a6a7fa62faeab1d5.jpg;http://d2me59s95dy7e.cloudfront.net/cartoons/bc/17/e6/e9/34bfa9d18b9f42d7854db13c23d64afd.jpg"
84620,"Chapter Four, Page 21","Action,Comedy,Fantasy","http://tapastic.com/episode/84620","http://d2me59s95dy7e.cloudfront.net/cartoons/f0/0f/49/43/21fbd8a30b394f669f7ee4c2c2155284.jpg"
84578,"Last day of 2014","Slice of Life,Comedy","http://tapastic.com/episode/84578","http://d2me59s95dy7e.cloudfront.net/cartoons/c0/01/9f/fa/c6a0c995921e43ddbf13587331da6e2c.gif"
84576,"New Look","Slice of Life,Comedy","http://tapastic.com/episode/84576","http://d2me59s95dy7e.cloudfront.net/cartoons/c2/68/29/8b/364b225f6fa9487398c10170f9a903cf.jpg;http://d2me59s95dy7e.cloudfront.net/cartoons/01/96/28/ac/2017cc09f812497cb57d5761b7db5fb1.jpg"
84568,"PokÃ©rror","Slice of Life,Comedy,Gaming","http://tapastic.com/episode/84568","http://d2me59s95dy7e.cloudfront.net/cartoons/ca/1a/69/b1/99839f91fa534ba5b2b12dfddc2c35e3.jpg;http://d2me59s95dy7e.cloudfront.net/cartoons/3e/dd/8c/ac/7e69e84a8807461aa6b9caaeb25209e5.jpg"
84534,"Winterfest","Slice of Life,Comedy","http://tapastic.com/episode/84534","http://d2me59s95dy7e.cloudfront.net/cartoons/9b/fb/74/4d/67e9c6b3e69540c082158845b91d7901.jpg"
84516,"Christmasspecial!","Comedy,Romance","http://tapastic.com/episode/84516","http://d2me59s95dy7e.cloudfront.net/cartoons/a0/84/ca/3e/cce34e3fd7f24c959bc81720a9cac461.jpg;http://d2me59s95dy7e.cloudfront.net/cartoons/c7/81/37/f5/7357e0f84fe54488af5728eb24e2b663.jpg;http://d2me59s95dy7e.cloudfront.net/cartoons/b0/76/a5/6d/6b6386c136204a5d9fce2db85034fe7c.jpg"
84501,"Happy Holidays!","Fantasy,Drama","http://tapastic.com/episode/84501","http://d2me59s95dy7e.cloudfront.net/cartoons/b7/ff/e4/12/8022e2a19dbb4e7996d4a5a0a6cd1065.jpg"
84488,"True Smile","Comedy,Drama","http://tapastic.com/episode/84488","http://d2me59s95dy7e.cloudfront.net/cartoons/cf/a4/9d/06/e8be7800996a4fa7af3a72b8e6fd5c59.jpg;http://d2me59s95dy7e.cloudfront.net/cartoons/3a/60/a5/8a/aefec499ed394920a9385a0f2545dc73.jpg;http://d2me59s95dy7e.cloudfront.net/cartoons/42/af/a9/50/8e28eaa4c7984e4284d41b160b21e4ea.jpg;http://d2me59s95dy7e.cloudfront.net/cartoons/68/b6/da/5f/3d3b954250c942b4aa85760915b657c1.jpg;http://d2me59s95dy7e.cloudfront.net/cartoons/2c/9f/b2/81/50858550e0f94d739b1becb80dcc156b.jpg;http://d2me59s95dy7e.cloudfront.net/cartoons/ab/6a/bc/fd/b45bcdf021a6409a8964c925387024c4.jpg;http://d2me59s95dy7e.cloudfront.net/cartoons/60/39/ee/ff/4cf6731dc94942c5b75aabcdbe303997.jpg;http://d2me59s95dy7e.cloudfront.net/cartoons/1a/1b/53/6e/62b2c05df51145ec98215f38826856b5.jpg"
84434,"Merry Christmas!","Comedy,Fantasy,Drama","http://tapastic.com/episode/84434","http://d2me59s95dy7e.cloudfront.net/cartoons/62/fb/bb/94/979706656c5e46a896b5ff0109a1afea.jpg"
84411,"Merry Christmas","Slice of Life,Comedy,Fantasy","http://tapastic.com/episode/84411","http://d2me59s95dy7e.cloudfront.net/cartoons/1a/f0/09/29/6c3e47439cf4482a919a3a51770fbe8c.jpg"
84408,"HAPPY HOLIDAYS","Fantasy,Horror,Drama","http://tapastic.com/episode/84408","http://d2me59s95dy7e.cloudfront.net/cartoons/18/9b/e0/36/b8479df0961c42db87a9fa49369790e5.jpg"
84407,"CHRISTMAS EXTRAVAGANZA","Fantasy","http://tapastic.com/episode/84407","http://d2me59s95dy7e.cloudfront.net/cartoons/3d/a1/c4/55/d832bb0eafc0409aa944f49490e14c6b.jpg"
84374,"Sleigher","Slice of Life,Comedy","http://tapastic.com/episode/84374","http://d2me59s95dy7e.cloudfront.net/cartoons/c8/e2/94/58/55ffc7d4b1d64ec0a886b41f4349c9f5.jpg"
84323,"Merry Christmas 2014","Slice of Life,Comedy,Romance","http://tapastic.com/episode/84323","http://d2me59s95dy7e.cloudfront.net/cartoons/67/16/4a/de/d30b180248bc4027bea2e0625ae1949b.jpg"
84316,"Stormy With A Chance of Breezy - Part III","Slice of Life,Comedy","http://tapastic.com/episode/84316","http://d2me59s95dy7e.cloudfront.net/cartoons/e3/d8/da/6e/b9f8be0a46bd4037aa89931c4ccdbf45.jpg;http://d2me59s95dy7e.cloudfront.net/cartoons/07/96/59/38/f777a02d20554872990ceb0f26a88ce1.jpg;http://d2me59s95dy7e.cloudfront.net/cartoons/1a/91/cb/de/e427064988314688b2fddf58422a6b2a.jpg;http://d2me59s95dy7e.cloudfront.net/cartoons/38/5c/bd/eb/353b236a47394d679bcdfe237968f8cd.jpg;http://d2me59s95dy7e.cloudfront.net/cartoons/df/6d/86/c9/91a25f4b87d44188b23e8ca2c0469722.jpg;http://d2me59s95dy7e.cloudfront.net/cartoons/ad/3a/cd/d7/546dfbd79afb4c0ab45aef53ee9309d1.jpg;http://d2me59s95dy7e.cloudfront.net/cartoons/2c/a2/2a/7b/44e4ec367f42430b8bdcb63c7df8465e.jpg;http://d2me59s95dy7e.cloudfront.net/cartoons/f1/0f/d7/ea/269dd9094d0340298bb063eb343262ff.jpg"
84293,"Chapter 1 - Ely (Part 3)","Slice of Life,Sci-fi","http://tapastic.com/episode/84293","http://d2me59s95dy7e.cloudfront.net/cartoons/65/9f/f6/97/0ea89eb381bf480f9295102f8d375a23.jpg;http://d2me59s95dy7e.cloudfront.net/cartoons/35/6f/2f/8d/dae324788d2548a582a15682a6dd2fb4.jpg;http://d2me59s95dy7e.cloudfront.net/cartoons/e6/00/c3/7c/8e5973c6b7d74e999af84b4a96d9d9b3.jpg"
84281,"Obligatory Christmas Comic","Slice of Life,Comedy,Drama","http://tapastic.com/episode/84281","http://d2me59s95dy7e.cloudfront.net/cartoons/9d/95/db/6f/a9f7e20ba45241109851f6925e362b68.jpg;http://d2me59s95dy7e.cloudfront.net/cartoons/f8/b9/35/0a/719c7426349b4bbeba06b13c7520b967.jpg;http://d2me59s95dy7e.cloudfront.net/cartoons/59/e9/6e/ad/8cc5e136503d41b3b75ba438654ba91e.jpg;http://d2me59s95dy7e.cloudfront.net/cartoons/17/e6/6f/c5/c119bf0365da4e22acca1e406a46c7ea.jpg"
84271,"Naughty List","Slice of Life,Comedy","http://tapastic.com/episode/84271","http://d2me59s95dy7e.cloudfront.net/cartoons/38/fa/d4/d3/140d195c03aa4bc9b18b20113c6bcba3.jpg;http://d2me59s95dy7e.cloudfront.net/cartoons/09/26/52/c4/86d3be0e42d54b9180f0cf4e3bd78483.jpg;http://d2me59s95dy7e.cloudfront.net/cartoons/a1/15/30/fa/7968e743a36e41aa8c529157e2774ab4.jpg"
84269,"Obligatory Holiday Comic","Slice of Life,Comedy","http://tapastic.com/episode/84269","http://d2me59s95dy7e.cloudfront.net/cartoons/44/1e/53/0b/b0ba488d4c6a4e96bfa3a3fe17c78215.jpg;http://d2me59s95dy7e.cloudfront.net/cartoons/99/78/11/8a/89ae3900e7104bf4ae5258b937db90f3.jpg"
84250,"Merry Christmas!","Slice of Life,Comedy","http://tapastic.com/episode/84250","http://d2me59s95dy7e.cloudfront.net/cartoons/62/85/22/77/33c6287157fb450193b10914c0a629b3.jpg"
84248,"Santa who","Slice of Life,Comedy,Fantasy","http://tapastic.com/episode/84248","http://d2me59s95dy7e.cloudfront.net/cartoons/fd/f5/2b/a7/b3ed0759c2ab43abb5e07bfac4bdcb95.jpg"
